{"type":"FeatureCollection","name":"Drillpads","crs":{"type":"name","properties":{"name":"urn:ogc:def:crs:EPSG::32611"}},"features":[{"type":"Feature","properties":{"Site_ID":"K-V","Type":"Drill Site","Status":"Retain - EPO Ph 1"},"geometry":{"type":"MultiPolygon","coordinates":[[[[292795.8524999,4559544.3118063],[292795.8524999,4559556.5038063],[292817.1884999,4559556.5038063],[292817.1884999,4559544.3118063],[292795.8524999,4559544.3118063]]]]}},{"type":"Feature","properties":{"Site_ID":"K-S","Type":"Drill Site","Status":"Remove - EPO Ph 1"},"geometry":{"type":"MultiPolygon","coordinates":[[[[294945.1984008,4559693.4277464],[294945.1984008,4559705.6197464],[294966.5344008,4559705.6197464],[294966.5344008,4559693.4277464],[294945.1984008,4559693.4277464]]]]}},{"type":"Feature","properties":{"Site_ID":"K-W","Type":"Drill Site","Status":"Retain - EPO Ph 1"},"geometry":{"type":"MultiPolygon","coordinates":[[[[294884.4037,4559794.2039679],[294884.4037,4559806.3959679],[294905.7397,4559806.3959679],[294905.7397,4559794.2039679],[294884.4037,4559794.2039679]]]]}},{"type":"Feature","properties":{"Site_ID":"K-U","Type":"Drill Site","Status":"Retain - EPO Ph 1"},"geometry":{"type":"MultiPolygon","coordinates":[[[[293451.2934718,4559609.4693599],[293440.2041937,4559614.5361909],[293449.0711479,4559633.9424275],[293460.160426,4559628.8755965],[293451.2934718,4559609.4693599]]]]}},{"type":"Feature","properties":{"Site_ID":"B-AB","Type":"Drill Site","Status":"Retain - EPO Ph 1"},"geometry":{"type":"MultiPolygon","coordinates":[[[[291247.2865487,4554507.0984278],[291255.4545013,4554516.1499146],[291271.2946033,4554501.8559976],[291263.1266507,4554492.8045107],[291247.2865487,4554507.0984278]]]]}},{"type":"Feature","properties":{"Site_ID":"B-Y","Type":"Drill Site","Status":"Retain - EPO Ph 1"},"geometry":{"type":"MultiPolygon","coordinates":[[[[291344.7270194,4553856.3027101],[291341.6116163,4553868.0899544],[291362.2392938,4553873.5419098],[291365.3546969,4553861.7546655],[291344.7270194,4553856.3027101]]]]}},{"type":"Feature","properties":{"Site_ID":"B-X","Type":"Drill Site","Status":"Retain - EPO Ph 1"},"geometry":{"type":"MultiPolygon","coordinates":[[[[291186.7697688,4554016.9985673],[291190.2964463,4554028.6693603],[291210.7203341,4554022.4976746],[291207.1936565,4554010.8268816],[291186.7697688,4554016.9985673]]]]}},{"type":"Feature","properties":{"Site_ID":"B-AA","Type":"Drill Site","Status":"Retain - EPO Ph 1"},"geometry":{"type":"MultiPolygon","coordinates":[[[[291326.6180872,4554441.4405919],[291338.5603976,4554443.8954003],[291342.8563123,4554422.996357],[291330.9140018,4554420.5415486],[291326.6180872,4554441.4405919]]]]}},{"type":"Feature","properties":{"Site_ID":"B-Z","Type":"Drill Site","Status":"Retain - EPO Ph 1"},"geometry":{"type":"MultiPolygon","coordinates":[[[[291293.3807623,4553652.0943989],[291301.4272777,4553661.2540089],[291317.4565951,4553647.172607],[291309.4100798,4553638.0129971],[291293.3807623,4553652.0943989]]]]}},{"type":"Feature","properties":{"Site_ID":"K-R","Type":"Drill Site","Status":"Retain - EPO Ph 1"},"geometry":{"type":"MultiPolygon","coordinates":[[[[294745.2663414,4559825.3200815],[294745.2663414,4559837.5120815],[294766.6023414,4559837.5120815],[294766.6023414,4559825.3200815],[294745.2663414,4559825.3200815]]]]}},{"type":"Feature","properties":{"Site_ID":"K-T","Type":"Drill Site","Status":"Retain - EPO Ph 1"},"geometry":{"type":"MultiPolygon","coordinates":[[[[294658.5554656,4559698.6339511],[294658.5554656,4559710.8259511],[294679.8914656,4559710.8259511],[294679.8914656,4559698.6339511],[294658.5554656,4559698.6339511]]]]}},{"type":"Feature","properties":{"Site_ID":"K-Q","Type":"Drill Site","Status":"Retain - EPO Ph 1"},"geometry":{"type":"MultiPolygon","coordinates":[[[[293131.7698754,4558153.6150301],[293124.4408199,4558163.3582231],[293141.4914077,4558176.1840702],[293148.8204632,4558166.4408771],[293131.7698754,4558153.6150301]]]]}},{"type":"Feature","properties":{"Site_ID":"K-M","Type":"Drill Site","Status":"Retain - EPO Ph 1"},"geometry":{"type":"MultiPolygon","coordinates":[[[[292847.2305646,4557926.6162354],[292837.7191912,4557934.2437278],[292851.0673028,4557950.8886313],[292860.5786762,4557943.2611389],[292847.2305646,4557926.6162354]]]]}},{"type":"Feature","properties":{"Site_ID":"K-B","Type":"Drill Site","Status":"Retain - EPO Ph 1"},"geometry":{"type":"MultiPolygon","coordinates":[[[[293977.4126607,4557983.1816775],[293968.9429939,4557991.9514899],[293984.2901654,4558006.7734068],[293992.7598322,4557998.0035944],[293977.4126607,4557983.1816775]]]]}},{"type":"Feature","properties":{"Site_ID":"K-A","Type":"Drill Site","Status":"Retain - EPO Ph 1"},"geometry":{"type":"MultiPolygon","coordinates":[[[[294241.5759413,4557629.7393141],[294236.1096225,4557640.637214],[294255.1809474,4557650.2032718],[294260.6472662,4557639.3053719],[294241.5759413,4557629.7393141]]]]}},{"type":"Feature","properties":{"Site_ID":"WM-R","Type":"Drill Site","Status":"Retain - EPO Ph 1"},"geometry":{"type":"MultiPolygon","coordinates":[[[[295661.2075432,4558670.1206313],[295659.4177197,4558682.1805399],[295680.5225597,4558685.3127311],[295682.3123833,4558673.2528224],[295661.2075432,4558670.1206313]]]]}},{"type":"Feature","properties":{"Site_ID":"WM-Y","Type":"Drill Site","Status":"Retain - EPO Ph 1"},"geometry":{"type":"MultiPolygon","coordinates":[[[[295573.4627781,4558672.4801719],[295582.7022255,4558680.434886],[295596.622975,4558664.265853],[295587.3835276,4558656.311139],[295573.4627781,4558672.4801719]]]]}},{"type":"Feature","properties":{"Site_ID":"K-C","Type":"Drill Site","Status":"Retain - EPO Ph 1"},"geometry":{"type":"MultiPolygon","coordinates":[[[[294573.7582357,4558595.3517642],[294565.2171873,4558604.052072],[294580.442726,4558618.9989067],[294588.9837744,4558610.2985989],[294573.7582357,4558595.3517642]]]]}},{"type":"Feature","properties":{"Site_ID":"K-E","Type":"Drill Site","Status":"Retain - EPO Ph 1"},"geometry":{"type":"MultiPolygon","coordinates":[[[[294631.9748196,4558888.6473339],[294625.7698266,4558899.1422339],[294644.1359016,4558910.0009717],[294650.3408946,4558899.5060717],[294631.9748196,4558888.6473339]]]]}},{"type":"Feature","properties":{"Site_ID":"K-H","Type":"Drill Site","Status":"Retain - EPO Ph 1"},"geometry":{"type":"MultiPolygon","coordinates":[[[[294597.9657094,4559325.6030294],[294597.9657094,4559337.7950294],[294619.3017094,4559337.7950294],[294619.3017094,4559325.6030294],[294597.9657094,4559325.6030294]]]]}},{"type":"Feature","properties":{"Site_ID":"K-L","Type":"Drill Site","Status":"Retain - EPO Ph 1"},"geometry":{"type":"MultiPolygon","coordinates":[[[[294941.6041876,4559571.7598717],[294941.6041876,4559583.9518717],[294962.9401876,4559583.9518717],[294962.9401876,4559571.7598717],[294941.6041876,4559571.7598717]]]]}},{"type":"Feature","properties":{"Site_ID":"K-I","Type":"Drill Site","Status":"Retain - EPO Ph 1"},"geometry":{"type":"MultiPolygon","coordinates":[[[[294117.5614647,4558586.8460513],[294117.5614647,4558599.0380513],[294138.8974647,4558599.0380513],[294138.8974647,4558586.8460513],[294117.5614647,4558586.8460513]]]]}},{"type":"Feature","properties":{"Site_ID":"K-K","Type":"Drill Site","Status":"Retain - EPO Ph 1"},"geometry":{"type":"MultiPolygon","coordinates":[[[[293972.7180483,4558943.6458687],[293984.9086974,4558943.8273575],[293985.2263028,4558922.4937216],[293973.0356537,4558922.3122328],[293972.7180483,4558943.6458687]]]]}},{"type":"Feature","properties":{"Site_ID":"K-J","Type":"Drill Site","Status":"Retain - EPO Ph 1"},"geometry":{"type":"MultiPolygon","coordinates":[[[[293880.8814542,4558987.9865947],[293893.0724614,4558988.1421779],[293893.344732,4558966.8079152],[293881.1537248,4558966.652332],[293880.8814542,4558987.9865947]]]]}},{"type":"Feature","properties":{"Site_ID":"K-F","Type":"Drill Site","Status":"Retain - EPO Ph 1"},"geometry":{"type":"MultiPolygon","coordinates":[[[[293832.9270201,4559058.4167381],[293832.9270201,4559070.6087381],[293854.2630201,4559070.6087381],[293854.2630201,4559058.4167381],[293832.9270201,4559058.4167381]]]]}},{"type":"Feature","properties":{"Site_ID":"K-N","Type":"Drill Site","Status":"Remove - EPO Ph 1"},"geometry":{"type":"MultiPolygon","coordinates":[[[[293620.169329,4558838.2705546],[293620.169329,4558850.4625546],[293641.505329,4558850.4625546],[293641.505329,4558838.2705546],[293620.169329,4558838.2705546]]]]}},{"type":"Feature","properties":{"Site_ID":"K-O","Type":"Drill Site","Status":"Retain - EPO Ph 1"},"geometry":{"type":"MultiPolygon","coordinates":[[[[293419.3305162,4559075.3419741],[293416.4779178,4559087.195562],[293437.2216966,4559092.1876092],[293440.0742951,4559080.3340213],[293419.3305162,4559075.3419741]]]]}},{"type":"Feature","properties":{"Site_ID":"K-G","Type":"Drill Site","Status":"Retain - EPO Ph 1"},"geometry":{"type":"MultiPolygon","coordinates":[[[[293301.9636543,4559216.2404587],[293312.4201239,4559222.5099967],[293323.3918155,4559204.2111749],[293312.9353459,4559197.9416369],[293301.9636543,4559216.2404587]]]]}},{"type":"Feature","properties":{"Site_ID":"K-D","Type":"Drill Site","Status":"Retain - EPO Ph 1"},"geometry":{"type":"MultiPolygon","coordinates":[[[[293488.1228303,4558698.3908802],[293491.0281827,4558710.2316484],[293511.7495271,4558705.1472817],[293508.8441747,4558693.3065135],[293488.1228303,4558698.3908802]]]]}},{"type":"Feature","properties":{"Site_ID":"K-P","Type":"Drill Site","Status":"Retain - EPO Ph 1"},"geometry":{"type":"MultiPolygon","coordinates":[[[[294238.5495434,4559489.7679548],[294238.5495434,4559501.9599548],[294259.8855434,4559501.9599548],[294259.8855434,4559489.7679548],[294238.5495434,4559489.7679548]]]]}},{"type":"Feature","properties":{"Site_ID":"B-V","Type":"Drill Site","Status":"Retain - EPO Ph 1"},"geometry":{"type":"MultiPolygon","coordinates":[[[[291110.1404071,4554158.9866952],[291110.1404071,4554171.1786952],[291131.4764071,4554171.1786952],[291131.4764071,4554158.9866952],[291110.1404071,4554158.9866952]]]]}},{"type":"Feature","properties":{"Site_ID":"B-W","Type":"Drill Site","Status":"Retain - EPO Ph 1"},"geometry":{"type":"MultiPolygon","coordinates":[[[[291087.8780579,4554205.4940713],[291087.8780579,4554217.6860713],[291109.2140579,4554217.6860713],[291109.2140579,4554205.4940713],[291087.8780579,4554205.4940713]]]]}},{"type":"Feature","properties":{"Site_ID":"B-E","Type":"Drill Site","Status":"Retain - EPO Ph 1"},"geometry":{"type":"MultiPolygon","coordinates":[[[[291370.9212139,4554397.4747711],[291370.9212139,4554409.6667711],[291392.2572139,4554409.6667711],[291392.2572139,4554397.4747711],[291370.9212139,4554397.4747711]]]]}},{"type":"Feature","properties":{"Site_ID":"B-G","Type":"Drill Site","Status":"Retain - EPO Ph 1"},"geometry":{"type":"MultiPolygon","coordinates":[[[[291432.0972007,4554381.92472],[291432.0972007,4554394.11672],[291453.4332007,4554394.11672],[291453.4332007,4554381.92472],[291432.0972007,4554381.92472]]]]}},{"type":"Feature","properties":{"Site_ID":"B-K","Type":"Drill Site","Status":"Retain - EPO Ph 1"},"geometry":{"type":"MultiPolygon","coordinates":[[[[291450.5236394,4554200.5476738],[291458.3670092,4554209.8818269],[291474.7017771,4554196.1559298],[291466.8584073,4554186.8217767],[291450.5236394,4554200.5476738]]]]}},{"type":"Feature","properties":{"Site_ID":"B-J","Type":"Drill Site","Status":"Retain - EPO Ph 1"},"geometry":{"type":"MultiPolygon","coordinates":[[[[291528.3492422,4554185.4010606],[291526.6565792,4554197.4749894],[291547.7859545,4554200.4371498],[291549.4786176,4554188.363221],[291528.3492422,4554185.4010606]]]]}},{"type":"Feature","properties":{"Site_ID":"B-B","Type":"Drill Site","Status":"Retain - EPO Ph 1"},"geometry":{"type":"MultiPolygon","coordinates":[[[[291569.2724289,4554207.1947125],[291579.9118506,4554213.1484986],[291590.3309764,4554194.5295106],[291579.6915547,4554188.5757245],[291569.2724289,4554207.1947125]]]]}},{"type":"Feature","properties":{"Site_ID":"B-C","Type":"Drill Site","Status":"Retain - EPO Ph 1"},"geometry":{"type":"MultiPolygon","coordinates":[[[[291625.1451294,4554157.727791],[291625.1451294,4554169.919791],[291646.4811294,4554169.919791],[291646.4811294,4554157.727791],[291625.1451294,4554157.727791]]]]}},{"type":"Feature","properties":{"Site_ID":"B-M","Type":"Drill Site","Status":"Retain - EPO Ph 1"},"geometry":{"type":"MultiPolygon","coordinates":[[[[291661.7051206,4554121.1068796],[291661.7051206,4554133.2988796],[291683.0411206,4554133.2988796],[291683.0411206,4554121.1068796],[291661.7051206,4554121.1068796]]]]}},{"type":"Feature","properties":{"Site_ID":"B-R","Type":"Drill Site","Status":"Retain - EPO Ph 1"},"geometry":{"type":"MultiPolygon","coordinates":[[[[291719.2595703,4554221.4373041],[291709.8033041,4554229.1330103],[291723.27079,4554245.6814761],[291732.7270562,4554237.9857698],[291719.2595703,4554221.4373041]]]]}},{"type":"Feature","properties":{"Site_ID":"B-P","Type":"Drill Site","Status":"Retain - EPO Ph 1"},"geometry":{"type":"MultiPolygon","coordinates":[[[[291664.301121,4554222.3728662],[291652.1523306,4554221.3473149],[291650.3576159,4554242.6076981],[291662.5064063,4554243.6332494],[291664.301121,4554222.3728662]]]]}},{"type":"Feature","properties":{"Site_ID":"B-U","Type":"Drill Site","Status":"Retain - EPO Ph 1"},"geometry":{"type":"MultiPolygon","coordinates":[[[[291683.8827317,4554344.2335917],[291687.2852109,4554355.9411961],[291707.7735185,4554349.9868574],[291704.3710392,4554338.2792531],[291683.8827317,4554344.2335917]]]]}},{"type":"Feature","properties":{"Site_ID":"B-S","Type":"Drill Site","Status":"Retain - EPO Ph 1"},"geometry":{"type":"MultiPolygon","coordinates":[[[[291839.101543,4554336.9180955],[291839.101543,4554349.1100955],[291860.437543,4554349.1100955],[291860.437543,4554336.9180955],[291839.101543,4554336.9180955]]]]}},{"type":"Feature","properties":{"Site_ID":"B-H","Type":"Drill Site","Status":"Retain - EPO Ph 1"},"geometry":{"type":"MultiPolygon","coordinates":[[[[291799.8644747,4554271.4356726],[291792.4852259,4554281.1409058],[291809.469384,4554294.0545912],[291816.8486328,4554284.349358],[291799.8644747,4554271.4356726]]]]}},{"type":"Feature","properties":{"Site_ID":"B-I","Type":"Drill Site","Status":"Retain - EPO Ph 1"},"geometry":{"type":"MultiPolygon","coordinates":[[[[291865.2252433,4554275.7354674],[291856.6988277,4554284.4501161],[291871.9494629,4554299.3713434],[291880.4758785,4554290.6566947],[291865.2252433,4554275.7354674]]]]}},{"type":"Feature","properties":{"Site_ID":"B-T","Type":"Drill Site","Status":"Retain - EPO Ph 1"},"geometry":{"type":"MultiPolygon","coordinates":[[[[291817.3224055,4554215.4906188],[291811.010695,4554225.9216865],[291829.2650636,4554236.9671799],[291835.5767741,4554226.5361122],[291817.3224055,4554215.4906188]]]]}},{"type":"Feature","properties":{"Site_ID":"B-D","Type":"Drill Site","Status":"Retain - EPO Ph 1"},"geometry":{"type":"MultiPolygon","coordinates":[[[[291762.7414792,4554173.547685],[291762.7414792,4554185.739685],[291784.0774792,4554185.739685],[291784.0774792,4554173.547685],[291762.7414792,4554173.547685]]]]}},{"type":"Feature","properties":{"Site_ID":"B-Q","Type":"Drill Site","Status":"Retain - EPO Ph 1"},"geometry":{"type":"MultiPolygon","coordinates":[[[[291740.9428108,4554126.2304975],[291740.9428108,4554138.4224975],[291762.2788108,4554138.4224975],[291762.2788108,4554126.2304975],[291740.9428108,4554126.2304975]]]]}},{"type":"Feature","properties":{"Site_ID":"B-L","Type":"Drill Site","Status":"Retain - EPO Ph 1"},"geometry":{"type":"MultiPolygon","coordinates":[[[[291566.3782214,4554112.5485244],[291578.4010913,4554114.5722495],[291581.9426102,4554093.5322271],[291569.9197403,4554091.5085021],[291566.3782214,4554112.5485244]]]]}},{"type":"Feature","properties":{"Site_ID":"B-O","Type":"Drill Site","Status":"Retain - EPO Ph 1"},"geometry":{"type":"MultiPolygon","coordinates":[[[[291608.8663699,4553996.211667],[291608.8663699,4554008.403667],[291630.2023699,4554008.403667],[291630.2023699,4553996.211667],[291608.8663699,4553996.211667]]]]}},{"type":"Feature","properties":{"Site_ID":"B-A","Type":"Drill Site","Status":"Retain - EPO Ph 1"},"geometry":{"type":"MultiPolygon","coordinates":[[[[291590.0102734,4553953.2336925],[291590.0102734,4553965.4256925],[291611.3462734,4553965.4256925],[291611.3462734,4553953.2336925],[291590.0102734,4553953.2336925]]]]}},{"type":"Feature","properties":{"Site_ID":"B-N","Type":"Drill Site","Status":"Retain - EPO Ph 1"},"geometry":{"type":"MultiPolygon","coordinates":[[[[291656.5504692,4553994.9446533],[291656.5504692,4554007.1366533],[291677.8864692,4554007.1366533],[291677.8864692,4553994.9446533],[291656.5504692,4553994.9446533]]]]}},{"type":"Feature","properties":{"Site_ID":"B-F","Type":"Drill Site","Status":"Retain - EPO Ph 1"},"geometry":{"type":"MultiPolygon","coordinates":[[[[291765.7668856,4553997.378844],[291765.7668856,4554009.570844],[291787.1028856,4554009.570844],[291787.1028856,4553997.378844],[291765.7668856,4553997.378844]]]]}},{"type":"Feature","properties":{"Site_ID":"B-AF","Type":"Drill Site","Status":"Retain - EPO Ph 1"},"geometry":{"type":"MultiPolygon","coordinates":[[[[291509.3338411,4554263.5884579],[291509.3338411,4554275.7804579],[291530.6698411,4554275.7804579],[291530.6698411,4554263.5884579],[291509.3338411,4554263.5884579]]]]}},{"type":"Feature","properties":{"Site_ID":"B-AC","Type":"Drill Site","Status":"Retain - EPO Ph 1"},"geometry":{"type":"MultiPolygon","coordinates":[[[[291389.3010764,4554343.4187586],[291389.3010764,4554355.6107586],[291410.6370764,4554355.6107586],[291410.6370764,4554343.4187586],[291389.3010764,4554343.4187586]]]]}},{"type":"Feature","properties":{"Site_ID":"B-AK","Type":"Drill Site","Status":"Retain - EPO Ph 1"},"geometry":{"type":"MultiPolygon","coordinates":[[[[291489.3107755,4554343.5470426],[291489.3107755,4554355.7390426],[291510.6467755,4554355.7390426],[291510.6467755,4554343.5470426],[291489.3107755,4554343.5470426]]]]}},{"type":"Feature","properties":{"Site_ID":"B-AR","Type":"Drill Site","Status":"Retain - EPO Ph 1"},"geometry":{"type":"MultiPolygon","coordinates":[[[[291428.9628226,4554263.3972222],[291428.9628226,4554275.5892222],[291450.2988226,4554275.5892222],[291450.2988226,4554263.3972222],[291428.9628226,4554263.3972222]]]]}},{"type":"Feature","properties":{"Site_ID":"B-AD","Type":"Drill Site","Status":"Retain - EPO Ph 1"},"geometry":{"type":"MultiPolygon","coordinates":[[[[291369.8750729,4554263.8462261],[291369.8750729,4554276.0382261],[291391.2110729,4554276.0382261],[291391.2110729,4554263.8462261],[291369.8750729,4554263.8462261]]]]}},{"type":"Feature","properties":{"Site_ID":"B-AJ","Type":"Drill Site","Status":"Retain - EPO Ph 1"},"geometry":{"type":"MultiPolygon","coordinates":[[[[291590.0682398,4554343.8999819],[291590.0682398,4554356.0919819],[291611.4042398,4554356.0919819],[291611.4042398,4554343.8999819],[291590.0682398,4554343.8999819]]]]}},{"type":"Feature","properties":{"Site_ID":"B-AQ","Type":"Drill Site","Status":"Retain - EPO Ph 1"},"geometry":{"type":"MultiPolygon","coordinates":[[[[291641.0160954,4554263.9416002],[291641.0160954,4554276.1336002],[291662.3520954,4554276.1336002],[291662.3520954,4554263.9416002],[291641.0160954,4554263.9416002]]]]}},{"type":"Feature","properties":{"Site_ID":"B-AP","Type":"Drill Site","Status":"Retain - EPO Ph 1"},"geometry":{"type":"MultiPolygon","coordinates":[[[[291799.7938383,4554153.7464231],[291799.7938383,4554165.9384231],[291821.1298383,4554165.9384231],[291821.1298383,4554153.7464231],[291799.7938383,4554153.7464231]]]]}},{"type":"Feature","properties":{"Site_ID":"B-AO","Type":"Drill Site","Status":"Retain - EPO Ph 1"},"geometry":{"type":"MultiPolygon","coordinates":[[[[291954.8291612,4554203.6512845],[291954.8291612,4554215.8432845],[291976.1651612,4554215.8432845],[291976.1651612,4554203.6512845],[291954.8291612,4554203.6512845]]]]}},{"type":"Feature","properties":{"Site_ID":"B-AG","Type":"Drill Site","Status":"Retain - EPO Ph 1"},"geometry":{"type":"MultiPolygon","coordinates":[[[[291640.4080689,4553943.9653586],[291640.4080689,4553956.1573586],[291661.7440689,4553956.1573586],[291661.7440689,4553943.9653586],[291640.4080689,4553943.9653586]]]]}},{"type":"Feature","properties":{"Site_ID":"B-AM","Type":"Drill Site","Status":"Remove - EPO Ph 1"},"geometry":{"type":"MultiPolygon","coordinates":[[[[291184.4260015,4553692.151659],[291184.4260015,4553704.343659],[291205.7620015,4553704.343659],[291205.7620015,4553692.151659],[291184.4260015,4553692.151659]]]]}},{"type":"Feature","properties":{"Site_ID":"B-AL","Type":"Drill Site","Status":"Remove - EPO Ph 1"},"geometry":{"type":"MultiPolygon","coordinates":[[[[291241.0153221,4553839.7857739],[291241.0153221,4553851.9777739],[291262.3513221,4553851.9777739],[291262.3513221,4553839.7857739],[291241.0153221,4553839.7857739]]]]}},{"type":"Feature","properties":{"Site_ID":"B-AN","Type":"Drill Site","Status":"Remove - EPO Ph 1"},"geometry":{"type":"MultiPolygon","coordinates":[[[[291214.9398009,4553609.0502481],[291214.9398009,4553621.2422481],[291236.2758009,4553621.2422481],[291236.2758009,4553609.0502481],[291214.9398009,4553609.0502481]]]]}},{"type":"Feature","properties":{"Site_ID":"B-AI","Type":"Drill Site","Status":"Remove - EPO Ph 1"},"geometry":{"type":"MultiPolygon","coordinates":[[[[291252.1794481,4554014.2329885],[291252.1794481,4554026.4249885],[291273.5154481,4554026.4249885],[291273.5154481,4554014.2329885],[291252.1794481,4554014.2329885]]]]}},{"type":"Feature","properties":{"Site_ID":"B-AH","Type":"Drill Site","Status":"Retain - EPO Ph 1"},"geometry":{"type":"MultiPolygon","coordinates":[[[[291229.4758407,4554263.7725874],[291229.4758407,4554275.9645874],[291250.8118407,4554275.9645874],[291250.8118407,4554263.7725874],[291229.4758407,4554263.7725874]]]]}},{"type":"Feature","properties":{"Site_ID":"B-BG","Type":"Drill Site","Status":"Remove - EPO Ph 1"},"geometry":{"type":"MultiPolygon","coordinates":[[[[291140.278377,4553693.8829384],[291140.278377,4553706.0749384],[291161.614377,4553706.0749384],[291161.614377,4553693.8829384],[291140.278377,4553693.8829384]]]]}},{"type":"Feature","properties":{"Site_ID":"B-BH","Type":"Drill Site","Status":"Remove - EPO Ph 1"},"geometry":{"type":"MultiPolygon","coordinates":[[[[291104.7871494,4553649.302494],[291104.7871494,4553661.494494],[291126.1231494,4553661.494494],[291126.1231494,4553649.302494],[291104.7871494,4553649.302494]]]]}},{"type":"Feature","properties":{"Site_ID":"B-BI","Type":"Drill Site","Status":"Remove - EPO Ph 1"},"geometry":{"type":"MultiPolygon","coordinates":[[[[291232.2981797,4553642.7886506],[291232.2981797,4553654.9806506],[291253.6341797,4553654.9806506],[291253.6341797,4553642.7886506],[291232.2981797,4553642.7886506]]]]}},{"type":"Feature","properties":{"Site_ID":"B-BJ","Type":"Drill Site","Status":"Remove - EPO Ph 1"},"geometry":{"type":"MultiPolygon","coordinates":[[[[291289.3768575,4553839.4386815],[291289.3768575,4553851.6306815],[291310.7128575,4553851.6306815],[291310.7128575,4553839.4386815],[291289.3768575,4553839.4386815]]]]}},{"type":"Feature","properties":{"Site_ID":"B-BK","Type":"Drill Site","Status":"Remove - EPO Ph 1"},"geometry":{"type":"MultiPolygon","coordinates":[[[[290957.9386525,4553943.7083942],[290957.9386525,4553955.9003942],[290979.2746525,4553955.9003942],[290979.2746525,4553943.7083942],[290957.9386525,4553943.7083942]]]]}},{"type":"Feature","properties":{"Site_ID":"B-BL","Type":"Drill Site","Status":"Remove - EPO Ph 1"},"geometry":{"type":"MultiPolygon","coordinates":[[[[291339.9927933,4553477.0916983],[291339.9927933,4553489.2836983],[291361.3287933,4553489.2836983],[291361.3287933,4553477.0916983],[291339.9927933,4553477.0916983]]]]}},{"type":"Feature","properties":{"Site_ID":"B-BM","Type":"Drill Site","Status":"Remove - EPO Ph 1"},"geometry":{"type":"MultiPolygon","coordinates":[[[[291450.6607078,4553533.9325068],[291450.6607078,4553546.1245068],[291471.9967078,4553546.1245068],[291471.9967078,4553533.9325068],[291450.6607078,4553533.9325068]]]]}},{"type":"Feature","properties":{"Site_ID":"B-BN","Type":"Drill Site","Status":"Remove - EPO Ph 1"},"geometry":{"type":"MultiPolygon","coordinates":[[[[291480.0561092,4553584.2329212],[291480.0561092,4553596.4249212],[291501.3921092,4553596.4249212],[291501.3921092,4553584.2329212],[291480.0561092,4553584.2329212]]]]}},{"type":"Feature","properties":{"Site_ID":"B-AZ","Type":"Drill Site","Status":"Retain - EPO Ph 1"},"geometry":{"type":"MultiPolygon","coordinates":[[[[291596.8311906,4553944.475885],[291596.8311906,4553956.667885],[291618.1671906,4553956.667885],[291618.1671906,4553944.475885],[291596.8311906,4553944.475885]]]]}},{"type":"Feature","properties":{"Site_ID":"B-AS","Type":"Drill Site","Status":"Retain - EPO Ph 1"},"geometry":{"type":"MultiPolygon","coordinates":[[[[291609.4888784,4553894.5256138],[291609.4888784,4553906.7176138],[291630.8248784,4553906.7176138],[291630.8248784,4553894.5256138],[291609.4888784,4553894.5256138]]]]}},{"type":"Feature","properties":{"Site_ID":"B-BA","Type":"Drill Site","Status":"Retain - EPO Ph 1"},"geometry":{"type":"MultiPolygon","coordinates":[[[[291639.6039399,4553853.8879721],[291639.6039399,4553866.0799721],[291660.9399399,4553866.0799721],[291660.9399399,4553853.8879721],[291639.6039399,4553853.8879721]]]]}},{"type":"Feature","properties":{"Site_ID":"B-AT","Type":"Drill Site","Status":"Retain - EPO Ph 1"},"geometry":{"type":"MultiPolygon","coordinates":[[[[291489.8706974,4553844.1512739],[291489.8706974,4553856.3432739],[291511.2066974,4553856.3432739],[291511.2066974,4553844.1512739],[291489.8706974,4553844.1512739]]]]}},{"type":"Feature","properties":{"Site_ID":"B-BB","Type":"Drill Site","Status":"Retain - EPO Ph 1"},"geometry":{"type":"MultiPolygon","coordinates":[[[[291498.9190168,4553894.0900385],[291498.9190168,4553906.2820385],[291520.2550168,4553906.2820385],[291520.2550168,4553894.0900385],[291498.9190168,4553894.0900385]]]]}},{"type":"Feature","properties":{"Site_ID":"B-AU","Type":"Drill Site","Status":"Retain - EPO Ph 1"},"geometry":{"type":"MultiPolygon","coordinates":[[[[291451.2267882,4553924.7166066],[291451.2267882,4553936.9086066],[291472.5627882,4553936.9086066],[291472.5627882,4553924.7166066],[291451.2267882,4553924.7166066]]]]}},{"type":"Feature","properties":{"Site_ID":"B-BC","Type":"Drill Site","Status":"Retain - EPO Ph 1"},"geometry":{"type":"MultiPolygon","coordinates":[[[[291450.6074086,4553993.540355],[291450.6074086,4554005.732355],[291471.9434086,4554005.732355],[291471.9434086,4553993.540355],[291450.6074086,4553993.540355]]]]}},{"type":"Feature","properties":{"Site_ID":"B-AV","Type":"Drill Site","Status":"Retain - EPO Ph 1"},"geometry":{"type":"MultiPolygon","coordinates":[[[[291729.6847378,4553948.9268535],[291729.6847378,4553961.1188535],[291751.0207378,4553961.1188535],[291751.0207378,4553948.9268535],[291729.6847378,4553948.9268535]]]]}},{"type":"Feature","properties":{"Site_ID":"B-BD","Type":"Drill Site","Status":"Retain - EPO Ph 1"},"geometry":{"type":"MultiPolygon","coordinates":[[[[291696.1701345,4553914.40453],[291696.1701345,4553926.59653],[291717.5061345,4553926.59653],[291717.5061345,4553914.40453],[291696.1701345,4553914.40453]]]]}},{"type":"Feature","properties":{"Site_ID":"B-AW","Type":"Drill Site","Status":"Retain - EPO Ph 1"},"geometry":{"type":"MultiPolygon","coordinates":[[[[291589.3035144,4554044.1258101],[291589.3035144,4554056.3178101],[291610.6395144,4554056.3178101],[291610.6395144,4554044.1258101],[291589.3035144,4554044.1258101]]]]}},{"type":"Feature","properties":{"Site_ID":"B-BE","Type":"Drill Site","Status":"Retain - EPO Ph 1"},"geometry":{"type":"MultiPolygon","coordinates":[[[[291700.4316163,4554063.7735089],[291700.4316163,4554075.9655089],[291721.7676163,4554075.9655089],[291721.7676163,4554063.7735089],[291700.4316163,4554063.7735089]]]]}},{"type":"Feature","properties":{"Site_ID":"B-AE","Type":"Drill Site","Status":"Retain - EPO Ph 1"},"geometry":{"type":"MultiPolygon","coordinates":[[[[291395.2433732,4554144.4683719],[291395.2433732,4554156.6603719],[291416.5793732,4554156.6603719],[291416.5793732,4554144.4683719],[291395.2433732,4554144.4683719]]]]}},{"type":"Feature","properties":{"Site_ID":"B-BF","Type":"Drill Site","Status":"Remove - EPO Ph 1"},"geometry":{"type":"MultiPolygon","coordinates":[[[[291212.8193557,4554011.8769266],[291212.8193557,4554024.0689266],[291234.1553557,4554024.0689266],[291234.1553557,4554011.8769266],[291212.8193557,4554011.8769266]]]]}},{"type":"Feature","properties":{"Site_ID":"B-AX","Type":"Drill Site","Status":"Retain - EPO Ph 1"},"geometry":{"type":"MultiPolygon","coordinates":[[[[291791.4544899,4554044.0876543],[291791.4544899,4554056.2796543],[291812.7904899,4554056.2796543],[291812.7904899,4554044.0876543],[291791.4544899,4554044.0876543]]]]}},{"type":"Feature","properties":{"Site_ID":"B-AY","Type":"Drill Site","Status":"Retain - EPO Ph 1"},"geometry":{"type":"MultiPolygon","coordinates":[[[[291891.6608855,4554044.3756037],[291891.6608855,4554056.5676037],[291912.9968855,4554056.5676037],[291912.9968855,4554044.3756037],[291891.6608855,4554044.3756037]]]]}},{"type":"Feature","properties":{"Site_ID":"K-X","Type":"Drill Site","Status":"Retain - EPO Ph 1"},"geometry":{"type":"MultiPolygon","coordinates":[[[[294989.7766053,4559393.8395661],[294989.7766053,4559406.0315661],[295011.1126053,4559406.0315661],[295011.1126053,4559393.8395661],[294989.7766053,4559393.8395661]]]]}},{"type":"Feature","properties":{"Site_ID":"K-Y","Type":"Drill Site","Status":"Retain - EPO Ph 1"},"geometry":{"type":"MultiPolygon","coordinates":[[[[294720.0424043,4559490.4456307],[294720.0424043,4559502.6376307],[294741.3784043,4559502.6376307],[294741.3784043,4559490.4456307],[294720.0424043,4559490.4456307]]]]}},{"type":"Feature","properties":{"Site_ID":"K-Z","Type":"Drill Site","Status":"Retain - EPO Ph 1"},"geometry":{"type":"MultiPolygon","coordinates":[[[[294789.6834102,4559594.2204763],[294789.6834102,4559606.4124763],[294811.0194102,4559606.4124763],[294811.0194102,4559594.2204763],[294789.6834102,4559594.2204763]]]]}},{"type":"Feature","properties":{"Site_ID":"K-AA","Type":"Drill Site","Status":"Retain - EPO Ph 1"},"geometry":{"type":"MultiPolygon","coordinates":[[[[294839.0718487,4559493.6143979],[294839.0718487,4559505.8063979],[294860.4078487,4559505.8063979],[294860.4078487,4559493.6143979],[294839.0718487,4559493.6143979]]]]}},{"type":"Feature","properties":{"Site_ID":"K-AB","Type":"Drill Site","Status":"Retain - EPO Ph 1"},"geometry":{"type":"MultiPolygon","coordinates":[[[[294833.4391288,4559693.999927],[294833.4391288,4559706.191927],[294854.7751288,4559706.191927],[294854.7751288,4559693.999927],[294833.4391288,4559693.999927]]]]}},{"type":"Feature","properties":{"Site_ID":"K-AC","Type":"Drill Site","Status":"Retain - EPO Ph 1"},"geometry":{"type":"MultiPolygon","coordinates":[[[[294939.3400668,4559493.5981167],[294939.3400668,4559505.7901167],[294960.6760668,4559505.7901167],[294960.6760668,4559493.5981167],[294939.3400668,4559493.5981167]]]]}},{"type":"Feature","properties":{"Site_ID":"K-AD","Type":"Drill Site","Status":"Retain - EPO Ph 1"},"geometry":{"type":"MultiPolygon","coordinates":[[[[295038.8289053,4559494.1725503],[295038.8289053,4559506.3645503],[295060.1649053,4559506.3645503],[295060.1649053,4559494.1725503],[295038.8289053,4559494.1725503]]]]}},{"type":"Feature","properties":{"Site_ID":"K-AE","Type":"Drill Site","Status":"Retain - EPO Ph 1"},"geometry":{"type":"MultiPolygon","coordinates":[[[[294989.8616232,4559593.6197627],[294989.8616232,4559605.8117627],[295011.1976232,4559605.8117627],[295011.1976232,4559593.6197627],[294989.8616232,4559593.6197627]]]]}},{"type":"Feature","properties":{"Site_ID":"K-AF","Type":"Drill Site","Status":"Retain - EPO Ph 1"},"geometry":{"type":"MultiPolygon","coordinates":[[[[295040.0496599,4559793.7950352],[295040.0496599,4559805.9870352],[295061.3856599,4559805.9870352],[295061.3856599,4559793.7950352],[295040.0496599,4559793.7950352]]]]}},{"type":"Feature","properties":{"Site_ID":"K-AG","Type":"Drill Site","Status":"Retain - EPO Ph 1"},"geometry":{"type":"MultiPolygon","coordinates":[[[[295189.4600218,4559793.7950352],[295189.4600218,4559805.9870352],[295210.7960218,4559805.9870352],[295210.7960218,4559793.7950352],[295189.4600218,4559793.7950352]]]]}},{"type":"Feature","properties":{"Site_ID":"K-AH","Type":"Drill Site","Status":"Retain - EPO Ph 1"},"geometry":{"type":"MultiPolygon","coordinates":[[[[295339.4472577,4559794.3719092],[295339.4472577,4559806.5639092],[295360.7832577,4559806.5639092],[295360.7832577,4559794.3719092],[295339.4472577,4559794.3719092]]]]}},{"type":"Feature","properties":{"Site_ID":"K-AI","Type":"Drill Site","Status":"Retain - EPO Ph 1"},"geometry":{"type":"MultiPolygon","coordinates":[[[[295239.6480584,4559693.9958359],[295239.6480584,4559706.1878359],[295260.9840584,4559706.1878359],[295260.9840584,4559693.9958359],[295239.6480584,4559693.9958359]]]]}},{"type":"Feature","properties":{"Site_ID":"K-AJ","Type":"Drill Site","Status":"Retain - EPO Ph 1"},"geometry":{"type":"MultiPolygon","coordinates":[[[[295138.6951112,4559693.4189619],[295138.6951112,4559705.6109619],[295160.0311112,4559705.6109619],[295160.0311112,4559693.4189619],[295138.6951112,4559693.4189619]]]]}},{"type":"Feature","properties":{"Site_ID":"K-AK","Type":"Drill Site","Status":"Retain - EPO Ph 1"},"geometry":{"type":"MultiPolygon","coordinates":[[[[295089.0839485,4559594.1966367],[295089.0839485,4559606.3886367],[295110.4199485,4559606.3886367],[295110.4199485,4559594.1966367],[295089.0839485,4559594.1966367]]]]}},{"type":"Feature","properties":{"Site_ID":"K-AL","Type":"Drill Site","Status":"Retain - EPO Ph 1"},"geometry":{"type":"MultiPolygon","coordinates":[[[[295188.8831478,4559593.6197627],[295188.8831478,4559605.8117627],[295210.2191478,4559605.8117627],[295210.2191478,4559593.6197627],[295188.8831478,4559593.6197627]]]]}},{"type":"Feature","properties":{"Site_ID":"K-AM","Type":"Drill Site","Status":"Retain - EPO Ph 1"},"geometry":{"type":"MultiPolygon","coordinates":[[[[295289.836095,4559593.6197627],[295289.836095,4559605.8117627],[295311.172095,4559605.8117627],[295311.172095,4559593.6197627],[295289.836095,4559593.6197627]]]]}},{"type":"Feature","properties":{"Site_ID":"K-AN","Type":"Drill Site","Status":"Retain - EPO Ph 1"},"geometry":{"type":"MultiPolygon","coordinates":[[[[295239.0711844,4559493.8205634],[295239.0711844,4559506.0125634],[295260.4071844,4559506.0125634],[295260.4071844,4559493.8205634],[295239.0711844,4559493.8205634]]]]}},{"type":"Feature","properties":{"Site_ID":"K-AO","Type":"Drill Site","Status":"Retain - EPO Ph 1"},"geometry":{"type":"MultiPolygon","coordinates":[[[[295139.8488591,4559493.8205634],[295139.8488591,4559506.0125634],[295161.1848591,4559506.0125634],[295161.1848591,4559493.8205634],[295139.8488591,4559493.8205634]]]]}},{"type":"Feature","properties":{"Site_ID":"K-AP","Type":"Drill Site","Status":"Retain - EPO Ph 1"},"geometry":{"type":"MultiPolygon","coordinates":[[[[295340.0241316,4559493.8205634],[295340.0241316,4559506.0125634],[295361.3601316,4559506.0125634],[295361.3601316,4559493.8205634],[295340.0241316,4559493.8205634]]]]}},{"type":"Feature","properties":{"Site_ID":"K-AQ","Type":"Drill Site","Status":"Retain - EPO Ph 1"},"geometry":{"type":"MultiPolygon","coordinates":[[[[295040.0496599,4559693.9958359],[295040.0496599,4559706.1878359],[295061.3856599,4559706.1878359],[295061.3856599,4559693.9958359],[295040.0496599,4559693.9958359]]]]}},{"type":"Feature","properties":{"Site_ID":"K-AR","Type":"Drill Site","Status":"Retain - EPO Ph 1"},"geometry":{"type":"MultiPolygon","coordinates":[[[[295089.6837136,4559393.8942843],[295089.6837136,4559406.0862843],[295111.0197136,4559406.0862843],[295111.0197136,4559393.8942843],[295089.6837136,4559393.8942843]]]]}},{"type":"Feature","properties":{"Site_ID":"K-AS","Type":"Drill Site","Status":"Retain - EPO Ph 1"},"geometry":{"type":"MultiPolygon","coordinates":[[[[295189.2066688,4559394.3529155],[295189.2066688,4559406.5449155],[295210.5426688,4559406.5449155],[295210.5426688,4559394.3529155],[295189.2066688,4559394.3529155]]]]}},{"type":"Feature","properties":{"Site_ID":"K-AT","Type":"Drill Site","Status":"Retain - EPO Ph 1"},"geometry":{"type":"MultiPolygon","coordinates":[[[[295288.7296239,4559394.3529155],[295288.7296239,4559406.5449155],[295310.0656239,4559406.5449155],[295310.0656239,4559394.3529155],[295288.7296239,4559394.3529155]]]]}},{"type":"Feature","properties":{"Site_ID":"K-AU","Type":"Drill Site","Status":"Remove - EPO Ph 1"},"geometry":{"type":"MultiPolygon","coordinates":[[[[295039.281572,4560294.6042682],[295039.281572,4560306.7962682],[295060.617572,4560306.7962682],[295060.617572,4560294.6042682],[295039.281572,4560294.6042682]]]]}},{"type":"Feature","properties":{"Site_ID":"K-AV","Type":"Drill Site","Status":"Remove - EPO Ph 1"},"geometry":{"type":"MultiPolygon","coordinates":[[[[295034.5351989,4560393.5739603],[295034.5351989,4560405.7659603],[295055.8711989,4560405.7659603],[295055.8711989,4560393.5739603],[295034.5351989,4560393.5739603]]]]}},{"type":"Feature","properties":{"Site_ID":"K-AW","Type":"Drill Site","Status":"Remove - EPO Ph 1"},"geometry":{"type":"MultiPolygon","coordinates":[[[[295138.9996556,4560393.5739603],[295138.9996556,4560405.7659603],[295160.3356556,4560405.7659603],[295160.3356556,4560393.5739603],[295138.9996556,4560393.5739603]]]]}},{"type":"Feature","properties":{"Site_ID":"K-AX","Type":"Drill Site","Status":"Remove - EPO Ph 1"},"geometry":{"type":"MultiPolygon","coordinates":[[[[295139.5527124,4560294.6042682],[295139.5527124,4560306.7962682],[295160.8887124,4560306.7962682],[295160.8887124,4560294.6042682],[295139.5527124,4560294.6042682]]]]}},{"type":"Feature","properties":{"Site_ID":"K-AY","Type":"Drill Site","Status":"Remove - EPO Ph 1"},"geometry":{"type":"MultiPolygon","coordinates":[[[[295089.9980745,4560793.9149759],[295089.9980745,4560806.1069759],[295111.3340745,4560806.1069759],[295111.3340745,4560793.9149759],[295089.9980745,4560793.9149759]]]]}},{"type":"Feature","properties":{"Site_ID":"K-AZ","Type":"Drill Site","Status":"Remove - EPO Ph 1"},"geometry":{"type":"MultiPolygon","coordinates":[[[[295389.1367118,4560693.9167583],[295389.1367118,4560706.1087583],[295410.4727118,4560706.1087583],[295410.4727118,4560693.9167583],[295389.1367118,4560693.9167583]]]]}},{"type":"Feature","properties":{"Site_ID":"K-BA","Type":"Drill Site","Status":"Remove - EPO Ph 1"},"geometry":{"type":"MultiPolygon","coordinates":[[[[295389.6000088,4560793.5256051],[295389.6000088,4560805.7176051],[295410.9360088,4560805.7176051],[295410.9360088,4560793.5256051],[295389.6000088,4560793.5256051]]]]}},{"type":"Feature","properties":{"Site_ID":"K-BB","Type":"Drill Site","Status":"Remove - EPO Ph 1"},"geometry":{"type":"MultiPolygon","coordinates":[[[[295289.527865,4560793.5256051],[295289.527865,4560805.7176051],[295310.863865,4560805.7176051],[295310.863865,4560793.5256051],[295289.527865,4560793.5256051]]]]}},{"type":"Feature","properties":{"Site_ID":"K-BC","Type":"Drill Site","Status":"Retain - EPO Ph 1"},"geometry":{"type":"MultiPolygon","coordinates":[[[[293589.3089047,4559193.6996639],[293589.3089047,4559205.8916639],[293610.6449047,4559205.8916639],[293610.6449047,4559193.6996639],[293589.3089047,4559193.6996639]]]]}},{"type":"Feature","properties":{"Site_ID":"K-BD","Type":"Drill Site","Status":"Retain - EPO Ph 1"},"geometry":{"type":"MultiPolygon","coordinates":[[[[293488.4555334,4559195.6206805],[293488.4555334,4559207.8126805],[293509.7915334,4559207.8126805],[293509.7915334,4559195.6206805],[293488.4555334,4559195.6206805]]]]}},{"type":"Feature","properties":{"Site_ID":"K-BE","Type":"Drill Site","Status":"Retain - EPO Ph 1"},"geometry":{"type":"MultiPolygon","coordinates":[[[[293689.5664905,4559193.6996639],[293689.5664905,4559205.8916639],[293710.9024905,4559205.8916639],[293710.9024905,4559193.6996639],[293689.5664905,4559193.6996639]]]]}},{"type":"Feature","properties":{"Site_ID":"K-BF","Type":"Drill Site","Status":"Retain - EPO Ph 1"},"geometry":{"type":"MultiPolygon","coordinates":[[[[293689.5664905,4559093.9147513],[293689.5664905,4559106.1067513],[293710.9024905,4559106.1067513],[293710.9024905,4559093.9147513],[293689.5664905,4559093.9147513]]]]}},{"type":"Feature","properties":{"Site_ID":"K-BG","Type":"Drill Site","Status":"Retain - EPO Ph 1"},"geometry":{"type":"MultiPolygon","coordinates":[[[[293589.1699775,4559093.9147513],[293589.1699775,4559106.1067513],[293610.5059775,4559106.1067513],[293610.5059775,4559093.9147513],[293589.1699775,4559093.9147513]]]]}},{"type":"Feature","properties":{"Site_ID":"K-BH","Type":"Drill Site","Status":"Retain - EPO Ph 1"},"geometry":{"type":"MultiPolygon","coordinates":[[[[293489.4957416,4559093.9147513],[293489.4957416,4559106.1067513],[293510.8317416,4559106.1067513],[293510.8317416,4559093.9147513],[293489.4957416,4559093.9147513]]]]}},{"type":"Feature","properties":{"Site_ID":"K-BI","Type":"Drill Site","Status":"Retain - EPO Ph 1"},"geometry":{"type":"MultiPolygon","coordinates":[[[[293789.2407264,4559093.9147513],[293789.2407264,4559106.1067513],[293810.5767264,4559106.1067513],[293810.5767264,4559093.9147513],[293789.2407264,4559093.9147513]]]]}},{"type":"Feature","properties":{"Site_ID":"K-BJ","Type":"Drill Site","Status":"Retain - EPO Ph 1"},"geometry":{"type":"MultiPolygon","coordinates":[[[[293888.9149623,4559093.9147513],[293888.9149623,4559106.1067513],[293910.2509623,4559106.1067513],[293910.2509623,4559093.9147513],[293888.9149623,4559093.9147513]]]]}},{"type":"Feature","properties":{"Site_ID":"K-BK","Type":"Drill Site","Status":"Retain - EPO Ph 1"},"geometry":{"type":"MultiPolygon","coordinates":[[[[293989.3114752,4559093.9147513],[293989.3114752,4559106.1067513],[294010.6474752,4559106.1067513],[294010.6474752,4559093.9147513],[293989.3114752,4559093.9147513]]]]}},{"type":"Feature","properties":{"Site_ID":"K-BL","Type":"Drill Site","Status":"Retain - EPO Ph 1"},"geometry":{"type":"MultiPolygon","coordinates":[[[[294088.9857111,4559093.9147513],[294088.9857111,4559106.1067513],[294110.3217111,4559106.1067513],[294110.3217111,4559093.9147513],[294088.9857111,4559093.9147513]]]]}},{"type":"Feature","properties":{"Site_ID":"K-BM","Type":"Drill Site","Status":"Retain - EPO Ph 1"},"geometry":{"type":"MultiPolygon","coordinates":[[[[294189.3822241,4559093.9147513],[294189.3822241,4559106.1067513],[294210.7182241,4559106.1067513],[294210.7182241,4559093.9147513],[294189.3822241,4559093.9147513]]]]}},{"type":"Feature","properties":{"Site_ID":"K-BN","Type":"Drill Site","Status":"Retain - EPO Ph 1"},"geometry":{"type":"MultiPolygon","coordinates":[[[[294289.7787371,4559093.9147513],[294289.7787371,4559106.1067513],[294311.1147371,4559106.1067513],[294311.1147371,4559093.9147513],[294289.7787371,4559093.9147513]]]]}},{"type":"Feature","properties":{"Site_ID":"K-BO","Type":"Drill Site","Status":"Retain - EPO Ph 1"},"geometry":{"type":"MultiPolygon","coordinates":[[[[294389.4529729,4559093.9147513],[294389.4529729,4559106.1067513],[294410.7889729,4559106.1067513],[294410.7889729,4559093.9147513],[294389.4529729,4559093.9147513]]]]}},{"type":"Feature","properties":{"Site_ID":"K-BP","Type":"Drill Site","Status":"Retain - EPO Ph 1"},"geometry":{"type":"MultiPolygon","coordinates":[[[[293385.8304986,4558999.2416603],[293385.8304986,4559011.4336603],[293407.1664986,4559011.4336603],[293407.1664986,4558999.2416603],[293385.8304986,4558999.2416603]]]]}},{"type":"Feature","properties":{"Site_ID":"K-BQ","Type":"Drill Site","Status":"Retain - EPO Ph 1"},"geometry":{"type":"MultiPolygon","coordinates":[[[[293390.4870758,4558808.3184805],[293401.9934892,4558812.3492762],[293409.0473816,4558792.2130526],[293397.5409681,4558788.182257],[293390.4870758,4558808.3184805]]]]}},{"type":"Feature","properties":{"Site_ID":"K-BR","Type":"Drill Site","Status":"Retain - EPO Ph 1"},"geometry":{"type":"MultiPolygon","coordinates":[[[[293489.4957416,4558794.1697666],[293489.4957416,4558806.3617666],[293510.8317416,4558806.3617666],[293510.8317416,4558794.1697666],[293489.4957416,4558794.1697666]]]]}},{"type":"Feature","properties":{"Site_ID":"K-BS","Type":"Drill Site","Status":"Retain - EPO Ph 1"},"geometry":{"type":"MultiPolygon","coordinates":[[[[293589.1699775,4558794.1697666],[293589.1699775,4558806.3617666],[293610.5059775,4558806.3617666],[293610.5059775,4558794.1697666],[293589.1699775,4558794.1697666]]]]}},{"type":"Feature","properties":{"Site_ID":"K-BT","Type":"Drill Site","Status":"Retain - EPO Ph 1"},"geometry":{"type":"MultiPolygon","coordinates":[[[[293690.2887676,4558794.1697666],[293690.2887676,4558806.3617666],[293711.6247676,4558806.3617666],[293711.6247676,4558794.1697666],[293690.2887676,4558794.1697666]]]]}},{"type":"Feature","properties":{"Site_ID":"K-BU","Type":"Drill Site","Status":"Remove - EPO Ph 1"},"geometry":{"type":"MultiPolygon","coordinates":[[[[293789.9630035,4558794.1697666],[293789.9630035,4558806.3617666],[293811.2990035,4558806.3617666],[293811.2990035,4558794.1697666],[293789.9630035,4558794.1697666]]]]}},{"type":"Feature","properties":{"Site_ID":"K-BV","Type":"Drill Site","Status":"Retain - EPO Ph 1"},"geometry":{"type":"MultiPolygon","coordinates":[[[[294189.3822241,4558794.1697666],[294189.3822241,4558806.3617666],[294210.7182241,4558806.3617666],[294210.7182241,4558794.1697666],[294189.3822241,4558794.1697666]]]]}},{"type":"Feature","properties":{"Site_ID":"K-BW","Type":"Drill Site","Status":"Retain - EPO Ph 1"},"geometry":{"type":"MultiPolygon","coordinates":[[[[294289.7787371,4558794.1697666],[294289.7787371,4558806.3617666],[294311.1147371,4558806.3617666],[294311.1147371,4558794.1697666],[294289.7787371,4558794.1697666]]]]}},{"type":"Feature","properties":{"Site_ID":"K-BX","Type":"Drill Site","Status":"Retain - EPO Ph 1"},"geometry":{"type":"MultiPolygon","coordinates":[[[[294390.17525,4558794.1697666],[294390.17525,4558806.3617666],[294411.51125,4558806.3617666],[294411.51125,4558794.1697666],[294390.17525,4558794.1697666]]]]}},{"type":"Feature","properties":{"Site_ID":"K-BY","Type":"Drill Site","Status":"Retain - EPO Ph 1"},"geometry":{"type":"MultiPolygon","coordinates":[[[[294489.1272088,4558794.1697666],[294489.1272088,4558806.3617666],[294510.4632088,4558806.3617666],[294510.4632088,4558794.1697666],[294489.1272088,4558794.1697666]]]]}},{"type":"Feature","properties":{"Site_ID":"K-BX","Type":"Drill Site","Status":"Retain - EPO Ph 1"},"geometry":{"type":"MultiPolygon","coordinates":[[[[293489.4957416,4558893.8440025],[293489.4957416,4558906.0360025],[293510.8317416,4558906.0360025],[293510.8317416,4558893.8440025],[293489.4957416,4558893.8440025]]]]}},{"type":"Feature","properties":{"Site_ID":"K-CA","Type":"Drill Site","Status":"Retain - EPO Ph 1"},"geometry":{"type":"MultiPolygon","coordinates":[[[[293490.2180187,4558993.5182384],[293490.2180187,4559005.7102384],[293511.5540187,4559005.7102384],[293511.5540187,4558993.5182384],[293490.2180187,4558993.5182384]]]]}},{"type":"Feature","properties":{"Site_ID":"K-CB","Type":"Drill Site","Status":"Retain - EPO Ph 1"},"geometry":{"type":"MultiPolygon","coordinates":[[[[293589.8922546,4558993.5182384],[293589.8922546,4559005.7102384],[293611.2282546,4559005.7102384],[293611.2282546,4558993.5182384],[293589.8922546,4558993.5182384]]]]}},{"type":"Feature","properties":{"Site_ID":"K-CC","Type":"Drill Site","Status":"Retain - EPO Ph 1"},"geometry":{"type":"MultiPolygon","coordinates":[[[[293689.5664905,4558993.5182384],[293689.5664905,4559005.7102384],[293710.9024905,4559005.7102384],[293710.9024905,4558993.5182384],[293689.5664905,4558993.5182384]]]]}},{"type":"Feature","properties":{"Site_ID":"K-CD","Type":"Drill Site","Status":"Retain - EPO Ph 1"},"geometry":{"type":"MultiPolygon","coordinates":[[[[293789.9630035,4558993.5182384],[293789.9630035,4559005.7102384],[293811.2990035,4559005.7102384],[293811.2990035,4558993.5182384],[293789.9630035,4558993.5182384]]]]}},{"type":"Feature","properties":{"Site_ID":"K-CE","Type":"Drill Site","Status":"Retain - EPO Ph 1"},"geometry":{"type":"MultiPolygon","coordinates":[[[[293888.9149623,4558993.5182384],[293888.9149623,4559005.7102384],[293910.2509623,4559005.7102384],[293910.2509623,4558993.5182384],[293888.9149623,4558993.5182384]]]]}},{"type":"Feature","properties":{"Site_ID":"K-CF","Type":"Drill Site","Status":"Retain - EPO Ph 1"},"geometry":{"type":"MultiPolygon","coordinates":[[[[293988.5891982,4558993.5182384],[293988.5891982,4559005.7102384],[294009.9251982,4559005.7102384],[294009.9251982,4558993.5182384],[293988.5891982,4558993.5182384]]]]}},{"type":"Feature","properties":{"Site_ID":"K-CG","Type":"Drill Site","Status":"Retain - EPO Ph 1"},"geometry":{"type":"MultiPolygon","coordinates":[[[[294089.7079882,4558993.5182384],[294089.7079882,4559005.7102384],[294111.0439882,4559005.7102384],[294111.0439882,4558993.5182384],[294089.7079882,4558993.5182384]]]]}},{"type":"Feature","properties":{"Site_ID":"K-CH","Type":"Drill Site","Status":"Retain - EPO Ph 1"},"geometry":{"type":"MultiPolygon","coordinates":[[[[294189.3822241,4558993.5182384],[294189.3822241,4559005.7102384],[294210.7182241,4559005.7102384],[294210.7182241,4558993.5182384],[294189.3822241,4558993.5182384]]]]}},{"type":"Feature","properties":{"Site_ID":"K-CI","Type":"Drill Site","Status":"Retain - EPO Ph 1"},"geometry":{"type":"MultiPolygon","coordinates":[[[[294289.7787371,4558993.5182384],[294289.7787371,4559005.7102384],[294311.1147371,4559005.7102384],[294311.1147371,4558993.5182384],[294289.7787371,4558993.5182384]]]]}},{"type":"Feature","properties":{"Site_ID":"K-CJ","Type":"Drill Site","Status":"Retain - EPO Ph 1"},"geometry":{"type":"MultiPolygon","coordinates":[[[[293589.1016137,4558893.8440025],[293589.1016137,4558906.0360025],[293610.4376137,4558906.0360025],[293610.4376137,4558893.8440025],[293589.1016137,4558893.8440025]]]]}},{"type":"Feature","properties":{"Site_ID":"K-CK","Type":"Drill Site","Status":"Retain - EPO Ph 1"},"geometry":{"type":"MultiPolygon","coordinates":[[[[293689.4981267,4558893.8440025],[293689.4981267,4558906.0360025],[293710.8341267,4558906.0360025],[293710.8341267,4558893.8440025],[293689.4981267,4558893.8440025]]]]}},{"type":"Feature","properties":{"Site_ID":"K-CL","Type":"Drill Site","Status":"Retain - EPO Ph 1"},"geometry":{"type":"MultiPolygon","coordinates":[[[[293789.1723626,4558893.8440025],[293789.1723626,4558906.0360025],[293810.5083626,4558906.0360025],[293810.5083626,4558893.8440025],[293789.1723626,4558893.8440025]]]]}},{"type":"Feature","properties":{"Site_ID":"K-CM","Type":"Drill Site","Status":"Retain - EPO Ph 1"},"geometry":{"type":"MultiPolygon","coordinates":[[[[293889.5688755,4558893.8440025],[293889.5688755,4558906.0360025],[293910.9048755,4558906.0360025],[293910.9048755,4558893.8440025],[293889.5688755,4558893.8440025]]]]}},{"type":"Feature","properties":{"Site_ID":"K-CN","Type":"Drill Site","Status":"Retain - EPO Ph 1"},"geometry":{"type":"MultiPolygon","coordinates":[[[[293988.5208344,4558893.8440025],[293988.5208344,4558906.0360025],[294009.8568344,4558906.0360025],[294009.8568344,4558893.8440025],[293988.5208344,4558893.8440025]]]]}},{"type":"Feature","properties":{"Site_ID":"K-CO","Type":"Drill Site","Status":"Retain - EPO Ph 1"},"geometry":{"type":"MultiPolygon","coordinates":[[[[294089.6396244,4558893.8440025],[294089.6396244,4558906.0360025],[294110.9756244,4558906.0360025],[294110.9756244,4558893.8440025],[294089.6396244,4558893.8440025]]]]}},{"type":"Feature","properties":{"Site_ID":"K-CP","Type":"Drill Site","Status":"Retain - EPO Ph 1"},"geometry":{"type":"MultiPolygon","coordinates":[[[[294189.3138603,4558893.8440025],[294189.3138603,4558906.0360025],[294210.6498603,4558906.0360025],[294210.6498603,4558893.8440025],[294189.3138603,4558893.8440025]]]]}},{"type":"Feature","properties":{"Site_ID":"K-CQ","Type":"Drill Site","Status":"Retain - EPO Ph 1"},"geometry":{"type":"MultiPolygon","coordinates":[[[[293289.4249928,4558794.1697666],[293289.4249928,4558806.3617666],[293310.7609928,4558806.3617666],[293310.7609928,4558794.1697666],[293289.4249928,4558794.1697666]]]]}},{"type":"Feature","properties":{"Site_ID":"K-CR","Type":"Drill Site","Status":"Retain - EPO Ph 1"},"geometry":{"type":"MultiPolygon","coordinates":[[[[293289.4249928,4558693.7732536],[293289.4249928,4558705.9652536],[293310.7609928,4558705.9652536],[293310.7609928,4558693.7732536],[293289.4249928,4558693.7732536]]]]}},{"type":"Feature","properties":{"Site_ID":"K-CS","Type":"Drill Site","Status":"Retain - EPO Ph 1"},"geometry":{"type":"MultiPolygon","coordinates":[[[[293589.8922546,4558693.7732536],[293589.8922546,4558705.9652536],[293611.2282546,4558705.9652536],[293611.2282546,4558693.7732536],[293589.8922546,4558693.7732536]]]]}},{"type":"Feature","properties":{"Site_ID":"K-CT","Type":"Drill Site","Status":"Remove - EPO Ph 1"},"geometry":{"type":"MultiPolygon","coordinates":[[[[293751.8874721,4558693.5318949],[293751.8874721,4558705.7238949],[293773.2234721,4558705.7238949],[293773.2234721,4558693.5318949],[293751.8874721,4558693.5318949]]]]}},{"type":"Feature","properties":{"Site_ID":"K-CU","Type":"Drill Site","Status":"Remove - EPO Ph 1"},"geometry":{"type":"MultiPolygon","coordinates":[[[[293880.0873806,4558710.2967647],[293880.0873806,4558722.4887647],[293901.4233806,4558722.4887647],[293901.4233806,4558710.2967647],[293880.0873806,4558710.2967647]]]]}},{"type":"Feature","properties":{"Site_ID":"K-CV","Type":"Drill Site","Status":"Retain - EPO Ph 1"},"geometry":{"type":"MultiPolygon","coordinates":[[[[293989.3114752,4558693.7732536],[293989.3114752,4558705.9652536],[294010.6474752,4558705.9652536],[294010.6474752,4558693.7732536],[293989.3114752,4558693.7732536]]]]}},{"type":"Feature","properties":{"Site_ID":"K-CW","Type":"Drill Site","Status":"Retain - EPO Ph 1"},"geometry":{"type":"MultiPolygon","coordinates":[[[[294138.8228291,4558693.7732536],[294138.8228291,4558705.9652536],[294160.1588291,4558705.9652536],[294160.1588291,4558693.7732536],[294138.8228291,4558693.7732536]]]]}},{"type":"Feature","properties":{"Site_ID":"K-CX","Type":"Drill Site","Status":"Retain - EPO Ph 1"},"geometry":{"type":"MultiPolygon","coordinates":[[[[294589.000569,4558794.1697666],[294589.000569,4558806.3617666],[294610.336569,4558806.3617666],[294610.336569,4558794.1697666],[294589.000569,4558794.1697666]]]]}},{"type":"Feature","properties":{"Site_ID":"K-CY","Type":"Drill Site","Status":"Retain - EPO Ph 1"},"geometry":{"type":"MultiPolygon","coordinates":[[[[294769.4749153,4558804.1726642],[294769.4749153,4558816.3646642],[294790.8109153,4558816.3646642],[294790.8109153,4558804.1726642],[294769.4749153,4558804.1726642]]]]}},{"type":"Feature","properties":{"Site_ID":"K-DE","Type":"Drill Site","Status":"Remove - EPO Ph 1"},"geometry":{"type":"MultiPolygon","coordinates":[[[[295188.9766837,4558693.8461807],[295188.9766837,4558706.0381807],[295210.3126837,4558706.0381807],[295210.3126837,4558693.8461807],[295188.9766837,4558693.8461807]]]]}},{"type":"Feature","properties":{"Site_ID":"K-DF","Type":"Drill Site","Status":"Remove - EPO Ph 1"},"geometry":{"type":"MultiPolygon","coordinates":[[[[295288.9727028,4558693.8461807],[295288.9727028,4558706.0381807],[295310.3087028,4558706.0381807],[295310.3087028,4558693.8461807],[295288.9727028,4558693.8461807]]]]}},{"type":"Feature","properties":{"Site_ID":"K-DG","Type":"Drill Site","Status":"Remove - EPO Ph 1"},"geometry":{"type":"MultiPolygon","coordinates":[[[[293589.8922546,4558493.9692495],[293589.8922546,4558506.1612495],[293611.2282546,4558506.1612495],[293611.2282546,4558493.9692495],[293589.8922546,4558493.9692495]]]]}},{"type":"Feature","properties":{"Site_ID":"K-DH","Type":"Drill Site","Status":"Retain - EPO Ph 1"},"geometry":{"type":"MultiPolygon","coordinates":[[[[293689.2110826,4558493.9692495],[293689.2110826,4558506.1612495],[293710.5470826,4558506.1612495],[293710.5470826,4558493.9692495],[293689.2110826,4558493.9692495]]]]}},{"type":"Feature","properties":{"Site_ID":"K-DI","Type":"Drill Site","Status":"Retain - EPO Ph 1"},"geometry":{"type":"MultiPolygon","coordinates":[[[[293788.3991727,4558493.9692495],[293788.3991727,4558506.1612495],[293809.7351727,4558506.1612495],[293809.7351727,4558493.9692495],[293788.3991727,4558493.9692495]]]]}},{"type":"Feature","properties":{"Site_ID":"K-DJ","Type":"Drill Site","Status":"Remove - EPO Ph 1"},"geometry":{"type":"MultiPolygon","coordinates":[[[[293887.988834,4558493.9692495],[293887.988834,4558506.1612495],[293909.324834,4558506.1612495],[293909.324834,4558493.9692495],[293887.988834,4558493.9692495]]]]}},{"type":"Feature","properties":{"Site_ID":"K-DK","Type":"Drill Site","Status":"Retain - EPO Ph 1"},"geometry":{"type":"MultiPolygon","coordinates":[[[[293988.783209,4558493.9692495],[293988.783209,4558506.1612495],[294010.119209,4558506.1612495],[294010.119209,4558493.9692495],[293988.783209,4558493.9692495]]]]}},{"type":"Feature","properties":{"Site_ID":"K-DL","Type":"Drill Site","Status":"Remove - EPO Ph 1"},"geometry":{"type":"MultiPolygon","coordinates":[[[[294490.0210531,4558493.9692495],[294490.0210531,4558506.1612495],[294511.3570531,4558506.1612495],[294511.3570531,4558493.9692495],[294490.0210531,4558493.9692495]]]]}},{"type":"Feature","properties":{"Site_ID":"K-DM","Type":"Drill Site","Status":"Remove - EPO Ph 1"},"geometry":{"type":"MultiPolygon","coordinates":[[[[294588.6168257,4558493.9692495],[294588.6168257,4558506.1612495],[294609.9528257,4558506.1612495],[294609.9528257,4558493.9692495],[294588.6168257,4558493.9692495]]]]}},{"type":"Feature","properties":{"Site_ID":"K-DO","Type":"Drill Site","Status":"Remove - EPO Ph 1"},"geometry":{"type":"MultiPolygon","coordinates":[[[[293490.8807681,4558493.9692495],[293490.8807681,4558506.1612495],[293512.2167681,4558506.1612495],[293512.2167681,4558493.9692495],[293490.8807681,4558493.9692495]]]]}},{"type":"Feature","properties":{"Site_ID":"K-DP","Type":"Drill Site","Status":"Retain - EPO Ph 1"},"geometry":{"type":"MultiPolygon","coordinates":[[[[293389.4897626,4558493.9692495],[293389.4897626,4558506.1612495],[293410.8257626,4558506.1612495],[293410.8257626,4558493.9692495],[293389.4897626,4558493.9692495]]]]}},{"type":"Feature","properties":{"Site_ID":"K-DQ","Type":"Drill Site","Status":"Retain - EPO Ph 1"},"geometry":{"type":"MultiPolygon","coordinates":[[[[293488.4555334,4559494.7182821],[293488.4555334,4559506.9102821],[293509.7915334,4559506.9102821],[293509.7915334,4559494.7182821],[293488.4555334,4559494.7182821]]]]}},{"type":"Feature","properties":{"Site_ID":"K-DR","Type":"Drill Site","Status":"Retain - EPO Ph 1"},"geometry":{"type":"MultiPolygon","coordinates":[[[[294889.8534271,4559593.7571348],[294889.8534271,4559605.9491348],[294911.1894271,4559605.9491348],[294911.1894271,4559593.7571348],[294889.8534271,4559593.7571348]]]]}},{"type":"Feature","properties":{"Site_ID":"K-DS","Type":"Drill Site","Status":"Retain - EPO Ph 1"},"geometry":{"type":"MultiPolygon","coordinates":[[[[292989.755009,4559543.8856608],[292989.755009,4559556.0776608],[293011.091009,4559556.0776608],[293011.091009,4559543.8856608],[292989.755009,4559543.8856608]]]]}},{"type":"Feature","properties":{"Site_ID":"K-DT","Type":"Drill Site","Status":"Retain - EPO Ph 1"},"geometry":{"type":"MultiPolygon","coordinates":[[[[292639.367773,4559543.8856608],[292639.367773,4559556.0776608],[292660.703773,4559556.0776608],[292660.703773,4559543.8856608],[292639.367773,4559543.8856608]]]]}},{"type":"Feature","properties":{"Site_ID":"K-DU","Type":"Drill Site","Status":"Remove - EPO Ph 1"},"geometry":{"type":"MultiPolygon","coordinates":[[[[292690.126722,4557794.3423354],[292690.126722,4557806.5343354],[292711.462722,4557806.5343354],[292711.462722,4557794.3423354],[292690.126722,4557794.3423354]]]]}},{"type":"Feature","properties":{"Site_ID":"K-DV","Type":"Drill Site","Status":"Remove - EPO Ph 1"},"geometry":{"type":"MultiPolygon","coordinates":[[[[292690.126722,4557894.0549223],[292690.126722,4557906.2469223],[292711.462722,4557906.2469223],[292711.462722,4557894.0549223],[292690.126722,4557894.0549223]]]]}},{"type":"Feature","properties":{"Site_ID":"K-DW","Type":"Drill Site","Status":"Remove - EPO Ph 1"},"geometry":{"type":"MultiPolygon","coordinates":[[[[292690.126722,4557994.2175911],[292690.126722,4558006.4095911],[292711.462722,4558006.4095911],[292711.462722,4557994.2175911],[292690.126722,4557994.2175911]]]]}},{"type":"Feature","properties":{"Site_ID":"K-DX","Type":"Drill Site","Status":"Remove - EPO Ph 1"},"geometry":{"type":"MultiPolygon","coordinates":[[[[292589.3736584,4557994.2175911],[292589.3736584,4558006.4095911],[292610.7096584,4558006.4095911],[292610.7096584,4557994.2175911],[292589.3736584,4557994.2175911]]]]}},{"type":"Feature","properties":{"Site_ID":"K-DY","Type":"Drill Site","Status":"Remove - EPO Ph 1"},"geometry":{"type":"MultiPolygon","coordinates":[[[[292589.3736584,4557894.0549223],[292589.3736584,4557906.2469223],[292610.7096584,4557906.2469223],[292610.7096584,4557894.0549223],[292589.3736584,4557894.0549223]]]]}},{"type":"Feature","properties":{"Site_ID":"K-DZ","Type":"Drill Site","Status":"Remove - EPO Ph 1"},"geometry":{"type":"MultiPolygon","coordinates":[[[[292589.3736584,4557794.2164045],[292589.3736584,4557806.4084045],[292610.7096584,4557806.4084045],[292610.7096584,4557794.2164045],[292589.3736584,4557794.2164045]]]]}},{"type":"Feature","properties":{"Site_ID":"K-EA","Type":"Drill Site","Status":"Remove - EPO Ph 1"},"geometry":{"type":"MultiPolygon","coordinates":[[[[292489.9497979,4557794.2164045],[292489.9497979,4557806.4084045],[292511.2857979,4557806.4084045],[292511.2857979,4557794.2164045],[292489.9497979,4557794.2164045]]]]}},{"type":"Feature","properties":{"Site_ID":"K-EB","Type":"Drill Site","Status":"Remove - EPO Ph 1"},"geometry":{"type":"MultiPolygon","coordinates":[[[[292489.9497979,4557993.9549957],[292489.9497979,4558006.1469957],[292511.2857979,4558006.1469957],[292511.2857979,4557993.9549957],[292489.9497979,4557993.9549957]]]]}},{"type":"Feature","properties":{"Site_ID":"K-EC","Type":"Drill Site","Status":"Remove - EPO Ph 1"},"geometry":{"type":"MultiPolygon","coordinates":[[[[292690.126722,4558093.9400412],[292690.126722,4558106.1320412],[292711.462722,4558106.1320412],[292711.462722,4558093.9400412],[292690.126722,4558093.9400412]]]]}},{"type":"Feature","properties":{"Site_ID":"K-ED","Type":"Drill Site","Status":"Remove - EPO Ph 1"},"geometry":{"type":"MultiPolygon","coordinates":[[[[292690.126722,4558194.7222518],[292690.126722,4558206.9142518],[292711.462722,4558206.9142518],[292711.462722,4558194.7222518],[292690.126722,4558194.7222518]]]]}},{"type":"Feature","properties":{"Site_ID":"K-EF","Type":"Drill Site","Status":"Remove - EPO Ph 1"},"geometry":{"type":"MultiPolygon","coordinates":[[[[292690.126722,4558294.2446849],[292690.126722,4558306.4366849],[292711.462722,4558306.4366849],[292711.462722,4558294.2446849],[292690.126722,4558294.2446849]]]]}},{"type":"Feature","properties":{"Site_ID":"K-EG","Type":"Drill Site","Status":"Remove - EPO Ph 1"},"geometry":{"type":"MultiPolygon","coordinates":[[[[292589.5650792,4558294.2446849],[292589.5650792,4558306.4366849],[292610.9010792,4558306.4366849],[292610.9010792,4558294.2446849],[292589.5650792,4558294.2446849]]]]}},{"type":"Feature","properties":{"Site_ID":"K-EH","Type":"Drill Site","Status":"Remove - EPO Ph 1"},"geometry":{"type":"MultiPolygon","coordinates":[[[[292589.5650792,4558194.302326],[292589.5650792,4558206.494326],[292610.9010792,4558206.494326],[292610.9010792,4558194.302326],[292589.5650792,4558194.302326]]]]}},{"type":"Feature","properties":{"Site_ID":"K-EI","Type":"Drill Site","Status":"Remove - EPO Ph 1"},"geometry":{"type":"MultiPolygon","coordinates":[[[[292589.5650792,4558093.9400412],[292589.5650792,4558106.1320412],[292610.9010792,4558106.1320412],[292610.9010792,4558093.9400412],[292589.5650792,4558093.9400412]]]]}},{"type":"Feature","properties":{"Site_ID":"K-EJ","Type":"Drill Site","Status":"Remove - EPO Ph 1"},"geometry":{"type":"MultiPolygon","coordinates":[[[[292438.9878895,4558123.8963016],[292438.9878895,4558136.0883016],[292460.3238895,4558136.0883016],[292460.3238895,4558123.8963016],[292438.9878895,4558123.8963016]]]]}},{"type":"Feature","properties":{"Site_ID":"K-EK","Type":"Drill Site","Status":"Remove - EPO Ph 1"},"geometry":{"type":"MultiPolygon","coordinates":[[[[292389.6269056,4558394.267271],[292389.6269056,4558406.459271],[292410.9629056,4558406.459271],[292410.9629056,4558394.267271],[292389.6269056,4558394.267271]]]]}},{"type":"Feature","properties":{"Site_ID":"K-EL","Type":"Drill Site","Status":"Remove - EPO Ph 1"},"geometry":{"type":"MultiPolygon","coordinates":[[[[292289.5346036,4558394.267271],[292289.5346036,4558406.459271],[292310.8706036,4558406.459271],[292310.8706036,4558394.267271],[292289.5346036,4558394.267271]]]]}},{"type":"Feature","properties":{"Site_ID":"K-EM","Type":"Drill Site","Status":"Retain - EPO Ph 1"},"geometry":{"type":"MultiPolygon","coordinates":[[[[292389.2161599,4558994.1131088],[292389.2161599,4559006.3051088],[292410.5521599,4559006.3051088],[292410.5521599,4558994.1131088],[292389.2161599,4558994.1131088]]]]}},{"type":"Feature","properties":{"Site_ID":"K-EN","Type":"Drill Site","Status":"Retain - EPO Ph 1"},"geometry":{"type":"MultiPolygon","coordinates":[[[[292589.9935326,4558993.4255151],[292589.9935326,4559005.6175151],[292611.3295326,4559005.6175151],[292611.3295326,4558993.4255151],[292589.9935326,4558993.4255151]]]]}},{"type":"Feature","properties":{"Site_ID":"K-EO","Type":"Drill Site","Status":"Retain - EPO Ph 1"},"geometry":{"type":"MultiPolygon","coordinates":[[[[292589.9935326,4559094.0626813],[292589.9935326,4559106.2546813],[292611.3295326,4559106.2546813],[292611.3295326,4559094.0626813],[292589.9935326,4559094.0626813]]]]}},{"type":"Feature","properties":{"Site_ID":"K-EP","Type":"Drill Site","Status":"Retain - EPO Ph 1"},"geometry":{"type":"MultiPolygon","coordinates":[[[[292489.4181571,4559094.0626813],[292489.4181571,4559106.2546813],[292510.7541571,4559106.2546813],[292510.7541571,4559094.0626813],[292489.4181571,4559094.0626813]]]]}},{"type":"Feature","properties":{"Site_ID":"K-EQ","Type":"Drill Site","Status":"Retain - EPO Ph 1"},"geometry":{"type":"MultiPolygon","coordinates":[[[[292339.4906518,4559094.0626813],[292339.4906518,4559106.2546813],[292360.8266518,4559106.2546813],[292360.8266518,4559094.0626813],[292339.4906518,4559094.0626813]]]]}},{"type":"Feature","properties":{"Site_ID":"K-ER","Type":"Drill Site","Status":"Planned - Proposed Work Plan"},"geometry":{"type":"MultiPolygon","coordinates":[[[[293824.1646015,4558830.3129154],[293824.1646015,4558842.5049154],[293845.5006015,4558842.5049154],[293845.5006015,4558830.3129154],[293824.1646015,4558830.3129154]]]]}},{"type":"Feature","properties":{"Site_ID":"K-ES","Type":"Drill Site","Status":"Planned - Proposed Work Plan"},"geometry":{"type":"MultiPolygon","coordinates":[[[[293699.6904015,4558693.4977154],[293699.6904015,4558705.6897154],[293721.0264015,4558705.6897154],[293721.0264015,4558693.4977154],[293699.6904015,4558693.4977154]]]]}},{"type":"Feature","properties":{"Site_ID":"K-ID","Type":"Drill Site","Status":"Planned - Proposed Work Plan"},"geometry":{"type":"MultiPolygon","coordinates":[[[[293942.8152015,4558739.5697154],[293942.8152015,4558751.7617154],[293964.1512015,4558751.7617154],[293964.1512015,4558739.5697154],[293942.8152015,4558739.5697154]]]]}},{"type":"Feature","properties":{"Site_ID":"K-ET","Type":"Drill Site","Status":"Planned - Proposed Work Plan"},"geometry":{"type":"MultiPolygon","coordinates":[[[[294088.2634015,4559206.5032154],[294088.2634015,4559218.6952154],[294109.5994015,4559218.6952154],[294109.5994015,4559206.5032154],[294088.2634015,4559206.5032154]]]]}},{"type":"Feature","properties":{"Site_ID":"K-EU","Type":"Drill Site","Status":"Planned - Proposed Work Plan"},"geometry":{"type":"MultiPolygon","coordinates":[[[[294188.6599015,4559206.5032154],[294188.6599015,4559218.6952154],[294209.9959015,4559218.6952154],[294209.9959015,4559206.5032154],[294188.6599015,4559206.5032154]]]]}},{"type":"Feature","properties":{"Site_ID":"K-EV","Type":"Drill Site","Status":"Planned - Proposed Work Plan"},"geometry":{"type":"MultiPolygon","coordinates":[[[[294289.0565015,4559206.5032154],[294289.0565015,4559218.6952154],[294310.3925015,4559218.6952154],[294310.3925015,4559206.5032154],[294289.0565015,4559206.5032154]]]]}},{"type":"Feature","properties":{"Site_ID":"K-EW","Type":"Drill Site","Status":"Planned - Proposed Work Plan"},"geometry":{"type":"MultiPolygon","coordinates":[[[[294388.7307015,4559206.5032154],[294388.7307015,4559218.6952154],[294410.0667015,4559218.6952154],[294410.0667015,4559206.5032154],[294388.7307015,4559206.5032154]]]]}},{"type":"Feature","properties":{"Site_ID":"K-EX","Type":"Drill Site","Status":"Planned - Proposed Work Plan"},"geometry":{"type":"MultiPolygon","coordinates":[[[[294087.5412015,4559306.8998154],[294087.5412015,4559319.0918154],[294108.8772015,4559319.0918154],[294108.8772015,4559306.8998154],[294087.5412015,4559306.8998154]]]]}},{"type":"Feature","properties":{"Site_ID":"K-EY","Type":"Drill Site","Status":"Planned - Proposed Work Plan"},"geometry":{"type":"MultiPolygon","coordinates":[[[[294187.9377015,4559306.8998154],[294187.9377015,4559319.0918154],[294209.2737015,4559319.0918154],[294209.2737015,4559306.8998154],[294187.9377015,4559306.8998154]]]]}},{"type":"Feature","properties":{"Site_ID":"K-EZ","Type":"Drill Site","Status":"Planned - Proposed Work Plan"},"geometry":{"type":"MultiPolygon","coordinates":[[[[294325.1589015,4559307.0055154],[294325.1589015,4559319.1975154],[294346.4949015,4559319.1975154],[294346.4949015,4559307.0055154],[294325.1589015,4559307.0055154]]]]}},{"type":"Feature","properties":{"Site_ID":"K-FA","Type":"Drill Site","Status":"Planned - Proposed Work Plan"},"geometry":{"type":"MultiPolygon","coordinates":[[[[294447.5709015,4559307.0395154],[294447.5709015,4559319.2315154],[294468.9069015,4559319.2315154],[294468.9069015,4559307.0395154],[294447.5709015,4559307.0395154]]]]}},{"type":"Feature","properties":{"Site_ID":"K-FB","Type":"Drill Site","Status":"Planned - Proposed Work Plan"},"geometry":{"type":"MultiPolygon","coordinates":[[[[294086.8189015,4559419.4883154],[294086.8189015,4559431.6803154],[294108.1549015,4559431.6803154],[294108.1549015,4559419.4883154],[294086.8189015,4559419.4883154]]]]}},{"type":"Feature","properties":{"Site_ID":"K-FC","Type":"Drill Site","Status":"Planned - Proposed Work Plan"},"geometry":{"type":"MultiPolygon","coordinates":[[[[294187.2154015,4559419.4883154],[294187.2154015,4559431.6803154],[294208.5514015,4559431.6803154],[294208.5514015,4559419.4883154],[294187.2154015,4559419.4883154]]]]}},{"type":"Feature","properties":{"Site_ID":"K-FD","Type":"Drill Site","Status":"Planned - Proposed Work Plan"},"geometry":{"type":"MultiPolygon","coordinates":[[[[294287.6119015,4559419.4883154],[294287.6119015,4559431.6803154],[294308.9479015,4559431.6803154],[294308.9479015,4559419.4883154],[294287.6119015,4559419.4883154]]]]}},{"type":"Feature","properties":{"Site_ID":"K-FE","Type":"Drill Site","Status":"Planned - Proposed Work Plan"},"geometry":{"type":"MultiPolygon","coordinates":[[[[294371.3134015,4559419.5402154],[294371.3134015,4559431.7322154],[294392.6494015,4559431.7322154],[294392.6494015,4559419.5402154],[294371.3134015,4559419.5402154]]]]}},{"type":"Feature","properties":{"Site_ID":"K-FF","Type":"Drill Site","Status":"Planned - Proposed Work Plan"},"geometry":{"type":"MultiPolygon","coordinates":[[[[293389.8899015,4558594.0990154],[293389.8899015,4558606.2910154],[293411.2259015,4558606.2910154],[293411.2259015,4558594.0990154],[293389.8899015,4558594.0990154]]]]}},{"type":"Feature","properties":{"Site_ID":"K-FG","Type":"Drill Site","Status":"Planned - Proposed Work Plan"},"geometry":{"type":"MultiPolygon","coordinates":[[[[293490.2864015,4558594.0990154],[293490.2864015,4558606.2910154],[293511.6224015,4558606.2910154],[293511.6224015,4558594.0990154],[293490.2864015,4558594.0990154]]]]}},{"type":"Feature","properties":{"Site_ID":"K-FH","Type":"Drill Site","Status":"Removed Planned - Proposed Work Plan"},"geometry":{"type":"MultiPolygon","coordinates":[[[[293610.2679365,4558593.682143],[293610.2679365,4558605.874143],[293631.6039365,4558605.874143],[293631.6039365,4558593.682143],[293610.2679365,4558593.682143]]]]}},{"type":"Feature","properties":{"Site_ID":"K-FI","Type":"Drill Site","Status":"Planned - Proposed Work Plan"},"geometry":{"type":"MultiPolygon","coordinates":[[[[293691.0794015,4558594.0990154],[293691.0794015,4558606.2910154],[293712.4154015,4558606.2910154],[293712.4154015,4558594.0990154],[293691.0794015,4558594.0990154]]]]}},{"type":"Feature","properties":{"Site_ID":"K-FJ","Type":"Drill Site","Status":"Planned - Proposed Work Plan"},"geometry":{"type":"MultiPolygon","coordinates":[[[[293790.7536015,4558594.0990154],[293790.7536015,4558606.2910154],[293812.0896015,4558606.2910154],[293812.0896015,4558594.0990154],[293790.7536015,4558594.0990154]]]]}},{"type":"Feature","properties":{"Site_ID":"K-FK","Type":"Drill Site","Status":"Planned - Proposed Work Plan"},"geometry":{"type":"MultiPolygon","coordinates":[[[[293290.2156015,4558594.0990154],[293290.2156015,4558606.2910154],[293311.5516015,4558606.2910154],[293311.5516015,4558594.0990154],[293290.2156015,4558594.0990154]]]]}},{"type":"Feature","properties":{"Site_ID":"K-FL","Type":"Drill Site","Status":"Planned - Proposed Work Plan"},"geometry":{"type":"MultiPolygon","coordinates":[[[[293589.4921015,4558393.8395154],[293589.4921015,4558406.0315154],[293610.8281015,4558406.0315154],[293610.8281015,4558393.8395154],[293589.4921015,4558393.8395154]]]]}},{"type":"Feature","properties":{"Site_ID":"K-FM","Type":"Drill Site","Status":"Planned - Proposed Work Plan"},"geometry":{"type":"MultiPolygon","coordinates":[[[[293490.4807015,4558393.8395154],[293490.4807015,4558406.0315154],[293511.8167015,4558406.0315154],[293511.8167015,4558393.8395154],[293490.4807015,4558393.8395154]]]]}},{"type":"Feature","properties":{"Site_ID":"K-FN","Type":"Drill Site","Status":"Planned - Proposed Work Plan"},"geometry":{"type":"MultiPolygon","coordinates":[[[[293389.0897015,4558393.8395154],[293389.0897015,4558406.0315154],[293410.4257015,4558406.0315154],[293410.4257015,4558393.8395154],[293389.0897015,4558393.8395154]]]]}},{"type":"Feature","properties":{"Site_ID":"K-FO","Type":"Drill Site","Status":"Planned - Proposed Work Plan"},"geometry":{"type":"MultiPolygon","coordinates":[[[[293589.0920015,4558293.7097154],[293589.0920015,4558305.9017154],[293610.4280015,4558305.9017154],[293610.4280015,4558293.7097154],[293589.0920015,4558293.7097154]]]]}},{"type":"Feature","properties":{"Site_ID":"K-FP","Type":"Drill Site","Status":"Planned - Proposed Work Plan"},"geometry":{"type":"MultiPolygon","coordinates":[[[[293490.0806015,4558293.7097154],[293490.0806015,4558305.9017154],[293511.4166015,4558305.9017154],[293511.4166015,4558293.7097154],[293490.0806015,4558293.7097154]]]]}},{"type":"Feature","properties":{"Site_ID":"K-FQ","Type":"Drill Site","Status":"Planned - Proposed Work Plan"},"geometry":{"type":"MultiPolygon","coordinates":[[[[293388.6895015,4558293.7097154],[293388.6895015,4558305.9017154],[293410.0255015,4558305.9017154],[293410.0255015,4558293.7097154],[293388.6895015,4558293.7097154]]]]}},{"type":"Feature","properties":{"Site_ID":"K-FR","Type":"Drill Site","Status":"Planned - Proposed Work Plan"},"geometry":{"type":"MultiPolygon","coordinates":[[[[292752.4145015,4558008.0874154],[292752.4145015,4558020.2794154],[292773.7505015,4558020.2794154],[292773.7505015,4558008.0874154],[292752.4145015,4558008.0874154]]]]}},{"type":"Feature","properties":{"Site_ID":"K-FT","Type":"Drill Site","Status":"Planned - Proposed Work Plan"},"geometry":{"type":"MultiPolygon","coordinates":[[[[292790.6884015,4558294.2447154],[292790.6884015,4558306.4367154],[292812.0244015,4558306.4367154],[292812.0244015,4558294.2447154],[292790.6884015,4558294.2447154]]]]}},{"type":"Feature","properties":{"Site_ID":"K-FU","Type":"Drill Site","Status":"Planned - Proposed Work Plan"},"geometry":{"type":"MultiPolygon","coordinates":[[[[292868.6640015,4558209.2391154],[292868.6640015,4558221.4311154],[292890.0000015,4558221.4311154],[292890.0000015,4558209.2391154],[292868.6640015,4558209.2391154]]]]}},{"type":"Feature","properties":{"Site_ID":"K-FV","Type":"Drill Site","Status":"Removed Planned - Proposed Work Plan"},"geometry":{"type":"MultiPolygon","coordinates":[[[[292891.2500015,4558294.2447154],[292891.2500015,4558306.4367154],[292912.5860015,4558306.4367154],[292912.5860015,4558294.2447154],[292891.2500015,4558294.2447154]]]]}},{"type":"Feature","properties":{"Site_ID":"K-FW","Type":"Drill Site","Status":"Removed Planned - Proposed Work Plan"},"geometry":{"type":"MultiPolygon","coordinates":[[[[294690.8236015,4559393.3262154],[294690.8236015,4559405.5182154],[294712.1596015,4559405.5182154],[294712.1596015,4559393.3262154],[294690.8236015,4559393.3262154]]]]}},{"type":"Feature","properties":{"Site_ID":"K-FX","Type":"Drill Site","Status":"Planned - Proposed Work Plan"},"geometry":{"type":"MultiPolygon","coordinates":[[[[294790.7307015,4559393.3809154],[294790.7307015,4559405.5729154],[294812.0667015,4559405.5729154],[294812.0667015,4559393.3809154],[294790.7307015,4559393.3809154]]]]}},{"type":"Feature","properties":{"Site_ID":"K-FY","Type":"Drill Site","Status":"Removed Planned - Proposed Work Plan"},"geometry":{"type":"MultiPolygon","coordinates":[[[[294890.2536015,4559393.8396154],[294890.2536015,4559406.0316154],[294911.5896015,4559406.0316154],[294911.5896015,4559393.8396154],[294890.2536015,4559393.8396154]]]]}},{"type":"Feature","properties":{"Site_ID":"K-FZ","Type":"Drill Site","Status":"Removed Planned - Proposed Work Plan"},"geometry":{"type":"MultiPolygon","coordinates":[[[[295244.1766015,4558962.4263154],[295244.1766015,4558974.6183154],[295265.5126015,4558974.6183154],[295265.5126015,4558962.4263154],[295244.1766015,4558962.4263154]]]]}},{"type":"Feature","properties":{"Site_ID":"K-GD","Type":"Drill Site","Status":"Removed Planned - Proposed Work Plan"},"geometry":{"type":"MultiPolygon","coordinates":[[[[295343.4839015,4559162.7834154],[295343.4839015,4559174.9754154],[295364.8199015,4559174.9754154],[295364.8199015,4559162.7834154],[295343.4839015,4559162.7834154]]]]}},{"type":"Feature","properties":{"Site_ID":"K-GE","Type":"Drill Site","Status":"Removed Planned - Proposed Work Plan"},"geometry":{"type":"MultiPolygon","coordinates":[[[[295443.2831015,4559162.2065154],[295443.2831015,4559174.3985154],[295464.6191015,4559174.3985154],[295464.6191015,4559162.2065154],[295443.2831015,4559162.2065154]]]]}},{"type":"Feature","properties":{"Site_ID":"K-GF","Type":"Drill Site","Status":"Removed Planned - Proposed Work Plan"},"geometry":{"type":"MultiPolygon","coordinates":[[[[295544.2361015,4559162.2065154],[295544.2361015,4559174.3985154],[295565.5721015,4559174.3985154],[295565.5721015,4559162.2065154],[295544.2361015,4559162.2065154]]]]}},{"type":"Feature","properties":{"Site_ID":"K-GG","Type":"Drill Site","Status":"Removed Planned - Proposed Work Plan"},"geometry":{"type":"MultiPolygon","coordinates":[[[[295493.4712015,4559062.4073154],[295493.4712015,4559074.5993154],[295514.8072015,4559074.5993154],[295514.8072015,4559062.4073154],[295493.4712015,4559062.4073154]]]]}},{"type":"Feature","properties":{"Site_ID":"K-GH","Type":"Drill Site","Status":"Removed Planned - Proposed Work Plan"},"geometry":{"type":"MultiPolygon","coordinates":[[[[295394.2489015,4559062.4073154],[295394.2489015,4559074.5993154],[295415.5849015,4559074.5993154],[295415.5849015,4559062.4073154],[295394.2489015,4559062.4073154]]]]}},{"type":"Feature","properties":{"Site_ID":"K-GI","Type":"Drill Site","Status":"Removed Planned - Proposed Work Plan"},"geometry":{"type":"MultiPolygon","coordinates":[[[[295344.0837015,4558962.4810154],[295344.0837015,4558974.6730154],[295365.4197015,4558974.6730154],[295365.4197015,4558962.4810154],[295344.0837015,4558962.4810154]]]]}},{"type":"Feature","properties":{"Site_ID":"K-GJ","Type":"Drill Site","Status":"Removed Planned - Proposed Work Plan"},"geometry":{"type":"MultiPolygon","coordinates":[[[[295443.6067015,4558962.9397154],[295443.6067015,4558975.1317154],[295464.9427015,4558975.1317154],[295464.9427015,4558962.9397154],[295443.6067015,4558962.9397154]]]]}},{"type":"Feature","properties":{"Site_ID":"K-GK","Type":"Drill Site","Status":"Removed Planned - Proposed Work Plan"},"geometry":{"type":"MultiPolygon","coordinates":[[[[295543.1296015,4558962.9397154],[295543.1296015,4558975.1317154],[295564.4656015,4558975.1317154],[295564.4656015,4558962.9397154],[295543.1296015,4558962.9397154]]]]}},{"type":"Feature","properties":{"Site_ID":"K-GL","Type":"Drill Site","Status":"Removed Planned - Proposed Work Plan"},"geometry":{"type":"MultiPolygon","coordinates":[[[[295144.2534015,4559162.3439154],[295144.2534015,4559174.5359154],[295165.5894015,4559174.5359154],[295165.5894015,4559162.3439154],[295144.2534015,4559162.3439154]]]]}},{"type":"Feature","properties":{"Site_ID":"K-GM","Type":"Drill Site","Status":"Removed Planned - Proposed Work Plan"},"geometry":{"type":"MultiPolygon","coordinates":[[[[295594.4911015,4559062.0553154],[295594.4911015,4559074.2473154],[295615.8271015,4559074.2473154],[295615.8271015,4559062.0553154],[295594.4911015,4559062.0553154]]]]}},{"type":"Feature","properties":{"Site_ID":"K-GN","Type":"Drill Site","Status":"Removed Planned - Proposed Work Plan"},"geometry":{"type":"MultiPolygon","coordinates":[[[[295641.6357015,4558987.5149154],[295641.6357015,4558999.7069154],[295662.9717015,4558999.7069154],[295662.9717015,4558987.5149154],[295641.6357015,4558987.5149154]]]]}},{"type":"Feature","properties":{"Site_ID":"K-GO","Type":"Drill Site","Status":"Planned - Proposed Work Plan"},"geometry":{"type":"MultiPolygon","coordinates":[[[[293889.5689015,4558793.4475154],[293889.5689015,4558805.6395154],[293910.9049015,4558805.6395154],[293910.9049015,4558793.4475154],[293889.5689015,4558793.4475154]]]]}},{"type":"Feature","properties":{"Site_ID":"K-GP","Type":"Drill Site","Status":"Planned - Proposed Work Plan"},"geometry":{"type":"MultiPolygon","coordinates":[[[[293989.2431015,4558793.4475154],[293989.2431015,4558805.6395154],[294010.5791015,4558805.6395154],[294010.5791015,4558793.4475154],[293989.2431015,4558793.4475154]]]]}},{"type":"Feature","properties":{"Site_ID":"K-GQ","Type":"Drill Site","Status":"Planned - Proposed Work Plan"},"geometry":{"type":"MultiPolygon","coordinates":[[[[294090.3619015,4558793.4475154],[294090.3619015,4558805.6395154],[294111.6979015,4558805.6395154],[294111.6979015,4558793.4475154],[294090.3619015,4558793.4475154]]]]}},{"type":"Feature","properties":{"Site_ID":"B-CD","Type":"Drill Site","Status":"Removed Planned - Proposed Work Plan"},"geometry":{"type":"MultiPolygon","coordinates":[[[[291350.9742015,4554428.3253154],[291350.9742015,4554440.5173154],[291372.3102015,4554440.5173154],[291372.3102015,4554428.3253154],[291350.9742015,4554428.3253154]]]]}},{"type":"Feature","properties":{"Site_ID":"B-CE","Type":"Drill Site","Status":"Planned - Proposed Work Plan"},"geometry":{"type":"MultiPolygon","coordinates":[[[[291439.6909015,4554429.2369154],[291439.6909015,4554441.4289154],[291461.0269015,4554441.4289154],[291461.0269015,4554429.2369154],[291439.6909015,4554429.2369154]]]]}},{"type":"Feature","properties":{"Site_ID":"B-CF","Type":"Drill Site","Status":"Planned - Proposed Work Plan"},"geometry":{"type":"MultiPolygon","coordinates":[[[[291540.4484015,4554429.5898154],[291540.4484015,4554441.7818154],[291561.7844015,4554441.7818154],[291561.7844015,4554429.5898154],[291540.4484015,4554429.5898154]]]]}},{"type":"Feature","properties":{"Site_ID":"B-CG","Type":"Drill Site","Status":"Planned - Proposed Work Plan"},"geometry":{"type":"MultiPolygon","coordinates":[[[[291188.6241015,4554522.7268154],[291188.6241015,4554534.9188154],[291209.9601015,4554534.9188154],[291209.9601015,4554522.7268154],[291188.6241015,4554522.7268154]]]]}},{"type":"Feature","properties":{"Site_ID":"B-CH","Type":"Drill Site","Status":"Removed Planned - Proposed Work Plan"},"geometry":{"type":"MultiPolygon","coordinates":[[[[291288.2642015,4554525.2413154],[291288.2642015,4554537.4333154],[291309.6002015,4554537.4333154],[291309.6002015,4554525.2413154],[291288.2642015,4554525.2413154]]]]}},{"type":"Feature","properties":{"Site_ID":"B-CI","Type":"Drill Site","Status":"Planned - Proposed Work Plan"},"geometry":{"type":"MultiPolygon","coordinates":[[[[291408.0162015,4554520.6394154],[291408.0162015,4554532.8314154],[291429.3522015,4554532.8314154],[291429.3522015,4554520.6394154],[291408.0162015,4554520.6394154]]]]}},{"type":"Feature","properties":{"Site_ID":"B-CJ","Type":"Drill Site","Status":"Removed Planned - Proposed Work Plan"},"geometry":{"type":"MultiPolygon","coordinates":[[[[291485.8685015,4554520.9923154],[291485.8685015,4554533.1843154],[291507.2045015,4554533.1843154],[291507.2045015,4554520.9923154],[291485.8685015,4554520.9923154]]]]}},{"type":"Feature","properties":{"Site_ID":"B-CK","Type":"Drill Site","Status":"Removed Planned - Proposed Work Plan"},"geometry":{"type":"MultiPolygon","coordinates":[[[[291233.9859015,4554605.7516154],[291233.9859015,4554617.9436154],[291255.3219015,4554617.9436154],[291255.3219015,4554605.7516154],[291233.9859015,4554605.7516154]]]]}},{"type":"Feature","properties":{"Site_ID":"B-CM","Type":"Drill Site","Status":"Removed Planned - Proposed Work Plan"},"geometry":{"type":"MultiPolygon","coordinates":[[[[291536.2583015,4554606.8105154],[291536.2583015,4554619.0025154],[291557.5943015,4554619.0025154],[291557.5943015,4554606.8105154],[291536.2583015,4554606.8105154]]]]}},{"type":"Feature","properties":{"Site_ID":"B-CN","Type":"Drill Site","Status":"Removed Planned - Proposed Work Plan"},"geometry":{"type":"MultiPolygon","coordinates":[[[[291133.2284015,4554605.3987154],[291133.2284015,4554617.5907154],[291154.5644015,4554617.5907154],[291154.5644015,4554605.3987154],[291133.2284015,4554605.3987154]]]]}},{"type":"Feature","properties":{"Site_ID":"B-CO","Type":"Drill Site","Status":"Removed Planned - Proposed Work Plan"},"geometry":{"type":"MultiPolygon","coordinates":[[[[291179.4060015,4554697.1542154],[291179.4060015,4554709.3462154],[291200.7420015,4554709.3462154],[291200.7420015,4554697.1542154],[291179.4060015,4554697.1542154]]]]}},{"type":"Feature","properties":{"Site_ID":"B-CP","Type":"Drill Site","Status":"Removed Planned - Proposed Work Plan"},"geometry":{"type":"MultiPolygon","coordinates":[[[[291380.9210015,4554697.8601154],[291380.9210015,4554710.0521154],[291402.2570015,4554710.0521154],[291402.2570015,4554697.8601154],[291380.9210015,4554697.8601154]]]]}},{"type":"Feature","properties":{"Site_ID":"B-CQ","Type":"Drill Site","Status":"Removed Planned - Proposed Work Plan"},"geometry":{"type":"MultiPolygon","coordinates":[[[[291953.6098015,4554351.3091154],[291953.6098015,4554363.5011154],[291974.9458015,4554363.5011154],[291974.9458015,4554351.3091154],[291953.6098015,4554351.3091154]]]]}},{"type":"Feature","properties":{"Site_ID":"B-CS","Type":"Drill Site","Status":"Removed Planned - Proposed Work Plan"},"geometry":{"type":"MultiPolygon","coordinates":[[[[291930.5422015,4554441.6734154],[291930.5422015,4554453.8654154],[291951.8782015,4554453.8654154],[291951.8782015,4554441.6734154],[291930.5422015,4554441.6734154]]]]}},{"type":"Feature","properties":{"Site_ID":"B-CT","Type":"Drill Site","Status":"Removed Planned - Proposed Work Plan"},"geometry":{"type":"MultiPolygon","coordinates":[[[[291976.0949015,4554436.0446154],[291976.0949015,4554448.2366154],[291997.4309015,4554448.2366154],[291997.4309015,4554436.0446154],[291976.0949015,4554436.0446154]]]]}},{"type":"Feature","properties":{"Site_ID":"B-CU","Type":"Drill Site","Status":"Removed Planned - Proposed Work Plan"},"geometry":{"type":"MultiPolygon","coordinates":[[[[292100.5448015,4554443.4175154],[292100.5448015,4554455.6095154],[292121.8808015,4554455.6095154],[292121.8808015,4554443.4175154],[292100.5448015,4554443.4175154]]]]}},{"type":"Feature","properties":{"Site_ID":"B-CV","Type":"Drill Site","Status":"Removed Planned - Proposed Work Plan"},"geometry":{"type":"MultiPolygon","coordinates":[[[[291949.4197015,4554528.5298154],[291949.4197015,4554540.7218154],[291970.7557015,4554540.7218154],[291970.7557015,4554528.5298154],[291949.4197015,4554528.5298154]]]]}},{"type":"Feature","properties":{"Site_ID":"B-CW","Type":"Drill Site","Status":"Removed Planned - Proposed Work Plan"},"geometry":{"type":"MultiPolygon","coordinates":[[[[292011.4646015,4554529.4455154],[292011.4646015,4554541.6375154],[292032.8006015,4554541.6375154],[292032.8006015,4554529.4455154],[292011.4646015,4554529.4455154]]]]}},{"type":"Feature","properties":{"Site_ID":"B-CX","Type":"Drill Site","Status":"Removed Planned - Proposed Work Plan"},"geometry":{"type":"MultiPolygon","coordinates":[[[[291848.6622015,4554528.1768154],[291848.6622015,4554540.3688154],[291869.9982015,4554540.3688154],[291869.9982015,4554528.1768154],[291848.6622015,4554528.1768154]]]]}},{"type":"Feature","properties":{"Site_ID":"B-CY","Type":"Drill Site","Status":"Planned - Proposed Work Plan"},"geometry":{"type":"MultiPolygon","coordinates":[[[[291752.0948015,4554350.6032154],[291752.0948015,4554362.7952154],[291773.4308015,4554362.7952154],[291773.4308015,4554350.6032154],[291752.0948015,4554350.6032154]]]]}},{"type":"Feature","properties":{"Site_ID":"B-CZ","Type":"Drill Site","Status":"Removed Planned - Proposed Work Plan"},"geometry":{"type":"MultiPolygon","coordinates":[[[[291899.3361015,4554614.7682154],[291899.3361015,4554626.9602154],[291920.6721015,4554626.9602154],[291920.6721015,4554614.7682154],[291899.3361015,4554614.7682154]]]]}},{"type":"Feature","properties":{"Site_ID":"B-DA","Type":"Drill Site","Status":"Removed Planned - Proposed Work Plan"},"geometry":{"type":"MultiPolygon","coordinates":[[[[291792.0728015,4554614.3958154],[291792.0728015,4554626.5878154],[291813.4088015,4554626.5878154],[291813.4088015,4554614.3958154],[291792.0728015,4554614.3958154]]]]}},{"type":"Feature","properties":{"Site_ID":"B-DB","Type":"Drill Site","Status":"Removed Planned - Proposed Work Plan"},"geometry":{"type":"MultiPolygon","coordinates":[[[[291747.9048015,4554527.8239154],[291747.9048015,4554540.0159154],[291769.2408015,4554540.0159154],[291769.2408015,4554527.8239154],[291747.9048015,4554527.8239154]]]]}},{"type":"Feature","properties":{"Site_ID":"B-DC","Type":"Drill Site","Status":"Removed Planned - Proposed Work Plan"},"geometry":{"type":"MultiPolygon","coordinates":[[[[292091.9750015,4554523.7418154],[292091.9750015,4554535.9338154],[292113.3110015,4554535.9338154],[292113.3110015,4554523.7418154],[292091.9750015,4554523.7418154]]]]}},{"type":"Feature","properties":{"Site_ID":"B-DD","Type":"Drill Site","Status":"Removed Planned - Proposed Work Plan"},"geometry":{"type":"MultiPolygon","coordinates":[[[[292035.0912015,4554587.1144154],[292035.0912015,4554599.3064154],[292056.4272015,4554599.3064154],[292056.4272015,4554587.1144154],[292035.0912015,4554587.1144154]]]]}},{"type":"Feature","properties":{"Site_ID":"B-DE","Type":"Drill Site","Status":"Removed Planned - Proposed Work Plan"},"geometry":{"type":"MultiPolygon","coordinates":[[[[291822.9854015,4554655.1782154],[291822.9854015,4554667.3702154],[291844.3214015,4554667.3702154],[291844.3214015,4554655.1782154],[291822.9854015,4554655.1782154]]]]}},{"type":"Feature","properties":{"Site_ID":"B-DF","Type":"Drill Site","Status":"Removed Planned - Proposed Work Plan"},"geometry":{"type":"MultiPolygon","coordinates":[[[[291899.7085015,4554654.0608154],[291899.7085015,4554666.2528154],[291921.0445015,4554666.2528154],[291921.0445015,4554654.0608154],[291899.7085015,4554654.0608154]]]]}},{"type":"Feature","properties":{"Site_ID":"K-BJ","Type":"Drill Site","Status":"Removed Planned - Proposed Work Plan"},"geometry":{"type":"MultiPolygon","coordinates":[[[[291957.2687015,4558166.2178154],[291957.2687015,4558178.4098154],[291978.6047015,4558178.4098154],[291978.6047015,4558166.2178154],[291957.2687015,4558166.2178154]]]]}},{"type":"Feature","properties":{"Site_ID":"K-BK","Type":"Drill Site","Status":"Removed Planned - Proposed Work Plan"},"geometry":{"type":"MultiPolygon","coordinates":[[[[292053.0229015,4558166.2178154],[292053.0229015,4558178.4098154],[292074.3589015,4558178.4098154],[292074.3589015,4558166.2178154],[292053.0229015,4558166.2178154]]]]}},{"type":"Feature","properties":{"Site_ID":"K-BL","Type":"Drill Site","Status":"Removed Planned - Proposed Work Plan"},"geometry":{"type":"MultiPolygon","coordinates":[[[[292152.6972015,4558166.2178154],[292152.6972015,4558178.4098154],[292174.0332015,4558178.4098154],[292174.0332015,4558166.2178154],[292152.6972015,4558166.2178154]]]]}},{"type":"Feature","properties":{"Site_ID":"K-CF","Type":"Drill Site","Status":"Planned - Proposed Work Plan"},"geometry":{"type":"MultiPolygon","coordinates":[[[[292052.3006015,4558065.8213154],[292052.3006015,4558078.0133154],[292073.6366015,4558078.0133154],[292073.6366015,4558065.8213154],[292052.3006015,4558065.8213154]]]]}},{"type":"Feature","properties":{"Site_ID":"K-BL","Type":"Drill Site","Status":"Planned - Proposed Work Plan"},"geometry":{"type":"MultiPolygon","coordinates":[[[[292118.2312015,4558895.1391154],[292118.2312015,4558907.3311154],[292139.5672015,4558907.3311154],[292139.5672015,4558895.1391154],[292118.2312015,4558895.1391154]]]]}},{"type":"Feature","properties":{"Site_ID":"K-BK","Type":"Drill Site","Status":"Planned - Proposed Work Plan"},"geometry":{"type":"MultiPolygon","coordinates":[[[[292003.4318015,4559665.4726154],[292003.4318015,4559677.6646154],[292024.7678015,4559677.6646154],[292024.7678015,4559665.4726154],[292003.4318015,4559665.4726154]]]]}},{"type":"Feature","properties":{"Site_ID":"K-HX","Type":"Drill Site","Status":"Planned - Proposed Work Plan"},"geometry":{"type":"MultiPolygon","coordinates":[[[[292753.7180015,4557954.4557154],[292753.7180015,4557966.6477154],[292775.0540015,4557966.6477154],[292775.0540015,4557954.4557154],[292753.7180015,4557954.4557154]]]]}},{"type":"Feature","properties":{"Site_ID":"K-HY","Type":"Drill Site","Status":"Planned - Proposed Work Plan"},"geometry":{"type":"MultiPolygon","coordinates":[[[[292755.0216015,4557893.1890154],[292755.0216015,4557905.3810154],[292776.3576015,4557905.3810154],[292776.3576015,4557893.1890154],[292755.0216015,4557893.1890154]]]]}},{"type":"Feature","properties":{"Site_ID":"B-CC","Type":"Drill Site","Status":"Planned - Proposed Work Plan"},"geometry":{"type":"MultiPolygon","coordinates":[[[[291806.7842015,4554442.7931154],[291806.7842015,4554454.9851154],[291828.1202015,4554454.9851154],[291828.1202015,4554442.7931154],[291806.7842015,4554442.7931154]]]]}},{"type":"Feature","properties":{"Site_ID":"B-CB","Type":"Drill Site","Status":"Removed Planned - Proposed Work Plan"},"geometry":{"type":"MultiPolygon","coordinates":[[[[291786.4861015,4554722.1246154],[291786.4861015,4554734.3166154],[291807.8221015,4554734.3166154],[291807.8221015,4554722.1246154],[291786.4861015,4554722.1246154]]]]}},{"type":"Feature","properties":{"Site_ID":"B-CA","Type":"Drill Site","Status":"Removed Planned - Proposed Work Plan"},"geometry":{"type":"MultiPolygon","coordinates":[[[[291861.3470015,4554696.0537154],[291861.3470015,4554708.2457154],[291882.6830015,4554708.2457154],[291882.6830015,4554696.0537154],[291861.3470015,4554696.0537154]]]]}},{"type":"Feature","properties":{"Site_ID":"K-DG","Type":"Drill Site","Status":"Planned - Proposed Work Plan"},"geometry":{"type":"MultiPolygon","coordinates":[[[[293626.2100015,4558493.8681154],[293626.2100015,4558506.0601154],[293647.5460015,4558506.0601154],[293647.5460015,4558493.8681154],[293626.2100015,4558493.8681154]]]]}},{"type":"Feature","properties":{"Site_ID":"K-DJ","Type":"Drill Site","Status":"Planned - Proposed Work Plan"},"geometry":{"type":"MultiPolygon","coordinates":[[[[293889.6541015,4558468.0479154],[293889.6541015,4558480.2399154],[293910.9901015,4558480.2399154],[293910.9901015,4558468.0479154],[293889.6541015,4558468.0479154]]]]}},{"type":"Feature","properties":{"Site_ID":"K-FJ","Type":"Drill Site","Status":"Planned - Proposed Work Plan"},"geometry":{"type":"MultiPolygon","coordinates":[[[[293790.7536015,4558594.0990154],[293790.7536015,4558606.2910154],[293812.0896015,4558606.2910154],[293812.0896015,4558594.0990154],[293790.7536015,4558594.0990154]]]]}},{"type":"Feature","properties":{"Site_ID":"K-FJ","Type":"Drill Site","Status":"Planned - Proposed Work Plan"},"geometry":{"type":"MultiPolygon","coordinates":[[[[294136.2219015,4558495.0090154],[294136.2219015,4558507.2010154],[294157.5579015,4558507.2010154],[294157.5579015,4558495.0090154],[294136.2219015,4558495.0090154]]]]}},{"type":"Feature","properties":{"Site_ID":"K-FS","Type":"Drill Site","Status":"Rejected - Proposed Work Plan"},"geometry":{"type":"MultiPolygon","coordinates":[[[[292790.6884015,4558194.7222154],[292790.6884015,4558206.9142154],[292812.0244015,4558206.9142154],[292812.0244015,4558194.7222154],[292790.6884015,4558194.7222154]]]]}},{"type":"Feature","properties":{"Site_ID":"K-GA","Type":"Drill Site","Status":"Rejected - Proposed Work Plan"},"geometry":{"type":"MultiPolygon","coordinates":[[[[295193.7401015,4559062.1849154],[295193.7401015,4559074.3769154],[295215.0761015,4559074.3769154],[295215.0761015,4559062.1849154],[295193.7401015,4559062.1849154]]]]}},{"type":"Feature","properties":{"Site_ID":"K-GB","Type":"Drill Site","Status":"Rejected - Proposed Work Plan"},"geometry":{"type":"MultiPolygon","coordinates":[[[[295293.2289015,4559062.7593154],[295293.2289015,4559074.9513154],[295314.5649015,4559074.9513154],[295314.5649015,4559062.7593154],[295293.2289015,4559062.7593154]]]]}},{"type":"Feature","properties":{"Site_ID":"K-GC","Type":"Drill Site","Status":"Rejected - Proposed Work Plan"},"geometry":{"type":"MultiPolygon","coordinates":[[[[295244.2616015,4559162.2065154],[295244.2616015,4559174.3985154],[295265.5976015,4559174.3985154],[295265.5976015,4559162.2065154],[295244.2616015,4559162.2065154]]]]}},{"type":"Feature","properties":{"Site_ID":"B-CL","Type":"Drill Site","Status":"Rejected - Proposed Work Plan"},"geometry":{"type":"MultiPolygon","coordinates":[[[[291435.5008015,4554606.4575154],[291435.5008015,4554618.6495154],[291456.8368015,4554618.6495154],[291456.8368015,4554606.4575154],[291435.5008015,4554606.4575154]]]]}},{"type":"Feature","properties":{"Site_ID":"B-CR","Type":"Drill Site","Status":"Rejected - Proposed Work Plan"},"geometry":{"type":"MultiPolygon","coordinates":[[[[292054.3672015,4554351.6621154],[292054.3672015,4554363.8541154],[292075.7032015,4554363.8541154],[292075.7032015,4554351.6621154],[292054.3672015,4554351.6621154]]]]}},{"type":"Feature","properties":{"Site_ID":"K-CG","Type":"Drill Site","Status":"Rejected - Proposed Work Plan"},"geometry":{"type":"MultiPolygon","coordinates":[[[[292153.4194015,4558065.8213154],[292153.4194015,4558078.0133154],[292174.7554015,4558078.0133154],[292174.7554015,4558065.8213154],[292153.4194015,4558065.8213154]]]]}},{"type":"Feature","properties":{"Site_ID":"K-BK","Type":"Drill Site","Status":"Rejected - Proposed Work Plan"},"geometry":{"type":"MultiPolygon","coordinates":[[[[292018.5570015,4558895.1391154],[292018.5570015,4558907.3311154],[292039.8930015,4558907.3311154],[292039.8930015,4558895.1391154],[292018.5570015,4558895.1391154]]]]}},{"type":"Feature","properties":{"Site_ID":"B-DG","Type":"Drill Site","Status":"Rejected - Proposed Work Plan"},"geometry":{"type":"MultiPolygon","coordinates":[[[[291961.1614015,4554590.0008154],[291961.1614015,4554602.1928154],[291982.4974015,4554602.1928154],[291982.4974015,4554590.0008154],[291961.1614015,4554590.0008154]]]]}},{"type":"Feature","properties":{"Site_ID":"C-C","Type":"Drill Site","Status":"Retain - EPO Ph 1"},"geometry":{"type":"MultiPolygon","coordinates":[[[[292158.2847127,4560505.5107166],[292158.2847127,4560517.7027166],[292179.6207127,4560517.7027166],[292179.6207127,4560505.5107166],[292158.2847127,4560505.5107166]]]]}}]}